ball_speed,Time
1.5236160487557135,0.0
1.5236160487557135,1.969
57.142857142857274,2.004
60.60606060606076,2.037
62.49999999999994,2.069
58.82352941176427,2.103
30.30303030303038,2.136
58.82352941176504,2.17
90.90909090909113,2.203
30.30303030302997,2.236
29.41176470588252,2.27
30.30303030303038,2.303
60.60606060606076,2.336
29.411764705882135,2.37
30.30303030303038,2.403
30.30303030303038,2.436
11.904761904761894,2.52
8.474576271186448,2.638
20.40816326530615,2.687
60.60606060605994,2.72
60.60606060606076,2.753
58.82352941176504,2.787
29.411764705882135,2.821
98.82117688026176,2.853
90.3507902905259,2.888
128.84705080055178,2.92
147.05882352941066,2.954
117.64705882353007,2.988
98.82117688026176,3.02
88.23529411764756,3.054
88.2352941176464,3.088
128.84705080055178,3.12
121.26781251816716,3.154
117.64705882352854,3.188
124.94259471568701,3.221
124.99999999999989,3.253
114.28571428571527,3.288
124.94259471568532,3.321
117.64705882353007,3.355
128.84705080055178,3.387
151.5151515151519,3.42
117.64705882352854,3.454
121.21212121212152,3.487
88.23529411764756,3.521
58.82352941176427,3.555
93.74999999999991,3.587
29.41176470588252,3.621
30.30303030303038,3.654
30.30303030303038,3.687
5.698005698005691,4.038
205.88235294117763,4.072
151.51515151514985,4.105
90.90909090909236,4.138
90.90909090908991,4.171
117.64705882353007,4.205
90.90909090908991,4.238
60.60606060606157,4.271
93.00816647554109,4.305
60.60606060605994,4.338
106.04562574894146,4.372
109.25912955951362,4.405
135.5192713636258,4.438
135.51927136362212,4.471
147.0588235294126,4.505
124.94259471568532,4.538
124.94259471568867,4.571
117.647058823527,4.605
117.64705882353007,4.639
121.21212121212314,4.672
90.90909090908991,4.705
90.90909090908991,4.738
58.82352941176504,4.772
90.90909090909236,4.805
90.90909090908991,4.838
88.23529411764756,4.872
90.90909090908991,4.905
117.64705882353007,4.939
90.90909090908991,4.972
58.82352941176504,5.006
90.90909090909236,5.039
60.60606060605994,5.072
58.82352941176504,5.106
30.30303030302997,5.139
30.303030303030784,5.172
30.30303030302997,5.205
117.64705882353007,5.239
124.94259471568532,5.272
58.82352941176504,5.306
60.60606060605994,5.339
67.7596356818129,5.372
88.23529411764756,5.406
98.82117688026176,5.438
106.04562574893869,5.472
93.00816647554109,5.506
65.76670522058241,5.54
98.82117688026176,5.572
106.04562574894146,5.606
88.23529411764756,5.64
67.75963568181106,5.673
88.23529411764756,5.707
60.60606060605994,5.74
124.94259471568867,5.773
151.51515151514985,5.806
88.23529411764756,5.84
90.90909090908991,5.873
90.90909090909236,5.906
88.23529411764525,5.94
121.21212121212314,5.973
121.21212121211988,6.006
58.82352941176504,6.04
90.90909090908991,6.073
60.60606060606157,6.106
147.0588235294126,6.14
88.23529411764525,6.174
90.90909090909236,6.207
60.60606060605994,6.24
158.38720020983925,6.274
184.32613728176221,6.307
163.1868123374118,6.34
121.26781251816716,6.374
42.85495643554786,6.407
30.30303030302997,6.44
42.85495643554901,6.473
41.59451654038538,6.507
30.30303030302997,6.54
30.30303030302997,6.573
27.729677693590496,6.624
15.151515151514985,6.69
29.41176470588252,6.724
42.85495643554901,6.757
67.75963568181106,6.79
83.18903308077076,6.824
65.76670522058241,6.858
44.19417382415918,6.89
63.88765649999373,6.925
31.24999999999997,6.957
41.59451654038538,6.991
30.30303030302997,7.024
95.8265957626771,7.057
29.41176470588252,7.091
60.60606060606157,7.124
30.30303030302997,7.157
29.41176470588252,7.191
30.30303030302997,7.224
29.41176470588252,7.258
20.00000000000007,7.308
29.41176470588252,7.342
95.8265957626771,7.375
124.94259471568532,7.408
151.51515151515392,7.441
106.04562574894146,7.475
109.25912955951362,7.508
85.70991287109572,7.541
41.59451654038538,7.575
67.7596356818129,7.608
60.60606060605994,7.641
63.88765649999373,7.676
31.24999999999997,7.708
93.00816647554109,7.742
60.60606060605994,7.775
42.85495643554901,7.808
58.82352941176504,7.842
30.30303030302997,7.875
30.30303030302997,7.908
29.41176470588252,7.942
29.41176470588252,7.976
30.30303030302997,8.009
58.82352941176657,8.043
31.24999999999997,8.075
30.303030303029153,8.108
41.59451654038647,8.142
30.303030303029153,8.175
41.59451654038647,8.209
67.75963568180924,8.242
67.7596356818129,8.275
149.97116216449842,8.309
30.303030303029153,8.342
20.000000000000426,8.392
19.999999999999716,8.442
30.303030303030784,8.475
19.607843137254843,8.526
24.096385542168623,8.609
3.738317757009345,9.144
181.8181818181847,9.177
181.81818181817493,9.21
121.21212121212314,9.243
117.64705882353314,9.277
181.81818181817493,9.31
181.8181818181847,9.343
88.23529411764525,9.377
60.60606060606157,9.41
30.303030303030784,9.443
29.41176470588175,9.477
30.303030303030784,9.51
60.60606060606157,9.543
29.41176470588175,9.577
60.60606060606157,9.61
88.23529411764525,9.644
58.8235294117635,9.678
135.5192713636258,9.711
124.94259471568867,9.744
121.267812518164,9.778
109.25912955951657,9.811
85.70991287109803,9.844
85.70991287109342,9.877
60.60606060606157,9.91
63.88765649999373,9.945
44.19417382415918,9.977
41.59451654038647,10.011
29.41176470588175,10.045
31.24999999999997,10.077
29.41176470588175,10.111
12.048192771084311,10.194
19.607843137255525,10.245
42.85495643554671,10.278
30.303030303030784,10.311
58.8235294117635,10.345
69.87712429686836,10.377
29.411764705883286,10.411
30.303030303029153,10.444
60.60606060606157,10.477
57.14285714285691,10.512
90.90909090909236,10.545
60.60606060606157,10.578
90.90909090908747,10.611
58.82352941176657,10.645
60.60606060605831,10.678
60.60606060606157,10.711
29.411764705883286,10.745
58.8235294117635,10.779
31.24999999999997,10.811
29.41176470588175,10.845
58.82352941176657,10.879
31.24999999999997,10.911
41.5945165403843,10.945
83.18903308077294,10.979
85.70991287109342,11.012
109.25912955951657,11.045
65.7667052205807,11.079
67.7596356818129,11.112
95.82659576267969,11.145
67.75963568180924,11.178
41.59451654038647,11.212
42.85495643554901,11.245
41.5945165403843,11.279
29.41176470588175,11.313
42.85495643554901,11.346
60.60606060606157,11.379
29.41176470588175,11.413
31.24999999999997,11.445
60.60606060606157,11.478
58.8235294117635,11.512
58.82352941176657,11.546
31.24999999999997,11.578
29.41176470588175,11.612
29.41176470588175,11.646
19.607843137255525,11.697
45.61979233461511,11.728
65.7667052205807,11.762
90.90909090909236,11.795
90.35079029052476,11.83
42.85495643554901,11.863
42.85495643554671,11.896
65.76670522058414,11.93
42.85495643554901,11.963
58.8235294117635,11.997
30.303030303030784,12.03
69.87712429686836,12.062
58.8235294117635,12.096
58.8235294117635,12.13
60.60606060606157,12.163
65.76670522058414,12.197
121.21212121211661,12.23
95.82659576267969,12.263
95.82659576267969,12.296
58.8235294117635,12.33
42.85495643554901,12.363
42.85495643554671,12.396
29.411764705883286,12.43
30.303030303030784,12.463
42.85495643554671,12.496
29.411764705883286,12.53
42.85495643554671,12.563
42.85495643554901,12.596
65.7667052205807,12.63
42.85495643554901,12.663
63.88765649999373,12.698
44.19417382415918,12.73
42.85495643554901,12.763
42.85495643554901,12.796
41.5945165403843,12.83
42.85495643554901,12.863
41.5945165403843,12.897
30.303030303030784,12.93
41.5945165403843,12.964
58.82352941176657,12.998
44.19417382415918,13.03
29.41176470588175,13.064
42.85495643554901,13.097
29.41176470588175,13.131
30.303030303030784,13.164
30.303030303030784,13.197
58.8235294117635,13.231
95.82659576267969,13.264
121.21212121211661,13.297
117.80301787478982,13.332
62.49999999999994,13.364
90.90909090909236,13.397
90.90909090909236,13.43
28.571428571428456,13.465
62.49999999999994,13.497
58.8235294117635,13.531
30.303030303030784,13.564
30.303030303030784,13.597
19.607843137254843,13.648
30.303030303030784,13.681
88.23529411764525,13.715
93.74999999999991,13.747
117.647058823527,13.781
88.23529411764986,13.815
93.74999999999991,13.847
58.8235294117635,13.881
88.23529411764986,13.915
60.60606060605831,13.948
90.90909090909236,13.981
88.23529411764525,14.015
90.90909090909236,14.048
90.90909090909236,14.081
117.647058823527,14.115
121.21212121212314,14.148
117.647058823527,14.182
30.303030303030784,14.215
29.41176470588175,14.249
30.303030303030784,14.282
19.999999999999716,14.332
60.60606060606157,14.365
41.59451654038647,14.399
30.303030303029153,14.432
30.303030303030784,14.465
14.92537313432832,14.532
19.999999999999716,14.582
30.303030303030784,14.615
29.411764705883286,14.649
60.60606060605831,14.682
30.303030303030784,14.715
30.303030303030784,14.748
29.41176470588175,14.782
30.303030303030784,14.815
12.048192771084311,14.898
39.99999999999943,14.948
5.434782608695647,15.316
93.74999999999991,15.348
114.28571428571962,15.383
90.90909090908747,15.416
65.76670522058414,15.45
62.49999999999994,15.482
41.5945165403843,15.516
29.41176470588175,15.55
31.24999999999997,15.582
41.59451654038647,15.616
30.303030303030784,15.649
29.41176470588175,15.683
30.303030303030784,15.716
14.92537313432832,15.783
14.92537313432832,15.85
60.60606060606157,15.883
60.60606060605831,15.916
65.76670522058414,15.95
30.303030303029153,15.983
28.2842712474615,16.033
41.59451654038647,16.067
42.85495643554671,16.1
67.75963568181653,16.133
41.59451654038212,16.167
30.30303030303242,16.2
41.59451654038212,16.234
31.250000000003443,16.266
29.411764705880213,16.3
67.75963568181653,16.333
19.607843137254157,16.384
20.408163265306335,16.433
14.705882352940876,16.501
31.24999999999997,16.533
58.82352941176657,16.567
67.75963568180924,16.6
88.23529411764986,16.634
60.60606060605831,16.667
95.82659576268485,16.7
58.823529411760425,16.734
67.75963568181653,16.767
60.60606060605831,16.8
29.411764705883286,16.834
19.999999999999716,16.884
1.3937282229965169,18.319
90.90909090908747,18.352
88.23529411764986,18.386
90.90909090908747,18.419
29.411764705883286,18.453
31.24999999999997,18.485
29.411764705883286,18.519
29.411764705880213,18.553
10.000000000000213,18.653
19.999999999999716,18.703
30.303030303029153,18.736
29.411764705883286,18.77
30.303030303029153,18.803
30.30303030303242,18.836
58.823529411760425,18.87
30.30303030303242,18.903
60.60606060605831,18.936
58.82352941176657,18.97
60.60606060605831,19.003
60.60606060605831,19.036
29.411764705883286,19.07
30.303030303029153,19.103
30.30303030303242,19.136
14.705882352940876,19.204
15.151515151515392,19.27
11.904761904761957,19.354
15.151515151514577,19.42
30.30303030303242,19.453
58.82352941176657,19.487
90.90909090908747,19.52
88.23529411764986,19.554
60.60606060605831,19.587
60.60606060605831,19.62
58.82352941176657,19.654
60.60606060605831,19.687
60.60606060606484,19.72
60.60606060605831,19.753
58.82352941176657,19.787
30.303030303029153,19.82
29.411764705883286,19.854
60.60606060605831,19.887
58.82352941176657,19.921
30.303030303029153,19.954
60.60606060606484,19.987
58.823529411760425,20.021
90.90909090909724,20.054
60.60606060605831,20.087
60.60606060605831,20.12
29.411764705883286,20.154
29.411764705883286,20.188
30.303030303029153,20.221
19.999999999999716,20.271
11.904761904761957,20.355
1.1869436201780423,22.04
121.21212121211661,22.073
90.90909090908747,22.106
117.64705882353314,22.14
62.49999999999994,22.172
57.14285714285691,22.207
30.30303030303242,22.24
29.411764705880213,22.274
62.49999999999994,22.306
58.82352941176657,22.34
90.90909090908747,22.373
88.23529411764986,22.407
60.60606060605831,22.44
30.30303030303242,22.473
30.303030303029153,22.506
19.999999999999716,22.556
6.6225165562914,22.707
151.51515151516207,22.74
333.3333333333207,22.773
303.0303030302915,22.806
264.7058823529496,22.84
121.21212121211661,22.873
58.82352941176657,22.907
30.303030303029153,22.94
20.000000000001137,22.99
9.999999999999858,23.09
19.999999999999716,23.14
19.999999999999716,23.19
29.411764705883286,23.224
19.999999999999716,23.274
30.30303030303242,23.307
30.303030303029153,23.34
29.411764705883286,23.374
60.60606060605831,23.407
58.82352941176657,23.441
60.60606060605831,23.474
90.90909090908747,23.507
60.60606060606484,23.54
58.823529411760425,23.574
29.411764705883286,23.608
30.30303030303242,23.641
19.999999999999716,23.691
19.999999999999716,23.741
14.92537313432832,23.808
30.303030303029153,23.841
14.92537313432832,23.908
30.30303030303242,23.941
14.92537313432832,24.008
14.92537313432832,24.075
30.303030303029153,24.108
14.92537313432832,24.175
1.0341261633919352,25.142
19.999999999999716,25.192
29.411764705883286,25.226
30.303030303029153,25.259
30.303030303029153,25.292
29.411764705883286,25.326
29.411764705883286,25.36
20.408163265306335,25.409
29.411764705880213,25.443
20.000000000001137,25.493
12.048192771084052,25.576
9.90099009900999,25.677
10.10101010101008,25.776
8.547008547008483,25.893
4.273504273504306,26.127
36.14457831325216,26.21
90.90909090909724,26.243
58.823529411760425,26.277
30.30303030303242,26.31
29.411764705880213,26.344
95.82659576268485,26.377
30.303030303029153,26.41
29.411764705883286,26.444
21.427478217773356,26.51
14.00211447894166,26.611
19.999999999999716,26.661
30.30303030303242,26.694
30.303030303029153,26.727
30.303030303029153,26.76
29.411764705883286,26.794
14.92537313432832,26.861
30.30303030303242,26.894
14.92537313432832,26.961
29.411764705880213,26.995
29.411764705883286,27.029
62.49999999999994,27.061
29.411764705883286,27.095
30.303030303029153,27.128
30.303030303029153,27.161
29.411764705883286,27.195
30.303030303029153,27.228
20.408163265306335,27.277
41.59451654038647,27.311
29.411764705883286,27.345
67.75963568180924,27.378
67.75963568180924,27.411
58.82352941176657,27.445
41.59451654038647,27.479
44.19417382415918,27.511
41.59451654038212,27.545
65.76670522058414,27.579
95.82659576268485,27.612
67.75963568180924,27.645
67.75963568180924,27.678
29.411764705883286,27.712
41.59451654038647,27.746
31.24999999999997,27.778
41.59451654038212,27.812
58.82352941176657,27.846
93.74999999999991,27.878
93.00816647554352,27.912
58.823529411760425,27.946
31.24999999999997,27.978
41.59451654038647,28.012
42.85495643554671,28.045
58.82352941176657,28.079
65.76670522058414,28.113
60.60606060605831,28.146
42.85495643555133,28.179
30.303030303029153,28.212
42.85495643554671,28.245
29.411764705883286,28.279
58.82352941176657,28.313
30.303030303029153,28.346
58.82352941176657,28.38
60.60606060605831,28.413
41.59451654038647,28.447
62.49999999999994,28.479
30.303030303029153,28.512
19.999999999999716,28.562
11.904761904761957,28.646
11.904761904761957,28.73
10.000000000000213,28.83
30.303030303029153,28.863
30.303030303029153,28.896
58.82352941176657,28.93
30.303030303029153,28.963
90.90909090909724,28.996
88.23529411764065,29.03
60.60606060606484,29.063
30.303030303029153,29.096
29.411764705883286,29.13
30.303030303029153,29.163
67.75963568180924,29.196
29.411764705883286,29.23
60.60606060605831,29.263
42.85495643555133,29.296
41.59451654038647,29.33
30.303030303029153,29.363
29.411764705883286,29.397
30.303030303029153,29.43
30.303030303029153,29.463
29.411764705883286,29.497
67.75963568180924,29.53
67.75963568181653,29.563
65.76670522057726,29.597
65.76670522058414,29.631
42.85495643554671,29.664
29.411764705883286,29.698
31.24999999999997,29.73
19.607843137255525,29.781
16.83587574253692,29.865
15.384615384615081,29.93
29.411764705883286,29.964
42.85495643554671,29.997
60.60606060605831,30.03
93.00816647554352,30.064
93.00816647554352,30.098
67.75963568180924,30.131
67.75963568180924,30.164
42.85495643555133,30.197
19.999999999999716,30.247
28.571428571428456,30.282
31.24999999999997,30.314
29.411764705883286,30.348
30.303030303029153,30.381
29.411764705883286,30.415
44.19417382415918,30.447
41.59451654038212,30.481
42.85495643555133,30.514
106.04562574894423,30.548
67.75963568180924,30.581
41.59451654038647,30.615
42.85495643554671,30.648
42.85495643554671,30.681
58.82352941176657,30.715
67.75963568180924,30.748
42.85495643555133,30.781
65.76670522057726,30.815
30.30303030303242,30.848
42.85495643554671,30.881
41.59451654038647,30.915
60.60606060605831,30.948
41.59451654038647,30.982
30.303030303029153,31.015
42.85495643555133,31.048
41.59451654038212,31.082
19.999999999999716,31.132
42.85495643555133,31.165
41.59451654038212,31.199
60.60606060606484,31.232
60.60606060605831,31.265
58.82352941176657,31.299
65.76670522058414,31.333
31.24999999999997,31.365
19.999999999999716,31.415
12.048192771084052,31.498
14.92537313432832,31.565
30.30303030303242,31.598
29.411764705880213,31.632
90.90909090909724,31.665
88.23529411764065,31.699
90.90909090909724,31.732
117.64705882353314,31.766
90.90909090908747,31.799
109.25912955951068,31.832
65.76670522058414,31.866
67.75963568180924,31.899
42.85495643555133,31.932
42.85495643554671,31.965
29.411764705883286,31.999
67.75963568181653,32.032
41.594516540377775,32.066
85.70991287111188,32.099
41.594516540377775,32.133
67.75963568182384,32.166
41.594516540377775,32.2
67.75963568182384,32.233
95.82659576267453,32.266
93.00816647554352,32.3
95.82659576267453,32.333
121.26781251817033,32.367
121.21212121211661,32.4
95.82659576267453,32.433
67.75963568180924,32.466
29.411764705883286,32.5
30.303030303029153,32.533
42.85495643554671,32.566
93.00816647554352,32.6
95.82659576267453,32.633
109.25912955953422,32.666
83.18903308075555,32.7
67.75963568182384,32.733
60.60606060605831,32.766
65.76670522058414,32.8
60.60606060605831,32.833
60.60606060605831,32.866
83.18903308077294,32.9
95.82659576267453,32.933
109.25912955951068,32.966
65.76670522058414,33.0
42.85495643554671,33.033
65.76670522058414,33.067
42.85495643554671,33.1
60.60606060605831,33.133
65.76670522058414,33.167
65.76670522058414,33.201
44.19417382416409,33.233
41.594516540377775,33.267
30.30303030303568,33.3
29.41176470587714,33.334
60.60606060607136,33.367
27.729677693589046,33.418
31.249999999996504,33.45
29.411764705883286,33.484
30.303030303029153,33.517
60.60606060607136,33.55
58.82352941175428,33.584
65.76670522058414,33.618
60.60606060605831,33.651
67.75963568182384,33.684
41.594516540377775,33.718
67.75963568182384,33.751
67.75963568180924,33.784
42.85495643554671,33.817
83.18903308077294,33.851
42.85495643554671,33.884
42.85495643554671,33.917
58.82352941176657,33.951
67.75963568180924,33.984
29.411764705883286,34.018
60.60606060605831,34.051
93.00816647554352,34.085
30.303030303029153,34.118
30.303030303029153,34.151
29.411764705883286,34.185
60.60606060605831,34.218
30.30303030303568,34.251
19.999999999998295,34.301
29.411764705883286,34.335
30.303030303029153,34.368
58.82352941176657,34.402
30.303030303029153,34.435
30.303030303029153,34.468
10.000000000000568,34.568
0.2476677949310658,46.681
90.90909090908747,46.714
90.90909090908747,46.747
90.90909090908747,46.78
88.23529411764986,46.814
60.60606060605831,46.847
58.82352941176657,46.881
90.90909090908747,46.914
60.60606060605831,46.947
90.90909090910704,46.98
57.14285714285111,47.015
31.250000000003443,47.047
58.82352941175428,47.081
58.82352941176657,47.115
60.60606060605831,47.148
30.30303030303568,47.181
58.82352941175428,47.215
30.30303030303568,47.248
30.303030303029153,47.281
58.82352941176657,47.315
30.303030303029153,47.348
30.303030303029153,47.381
29.411764705883286,47.415
30.303030303029153,47.448
3.09917355371902,48.416
88.23529411763143,48.45
60.60606060607136,48.483
121.21212121211661,48.516
90.90909090908747,48.549
131.5334104411683,48.583
93.00816647554352,48.617
98.8211768802508,48.649
80.81220356418473,48.684
44.19417382415428,48.716
93.00816647554352,48.75
67.75963568180924,48.783
58.82352941176657,48.817
95.82659576267453,48.85
67.75963568180924,48.883
88.23529411764986,48.917
95.82659576267453,48.95
121.21212121214272,48.983
95.82659576267453,49.016
88.23529411764986,49.05
60.60606060605831,49.083
90.90909090908747,49.116
117.64705882353314,49.15
88.23529411764986,49.184
93.74999999998951,49.216
65.76670522058414,49.25
106.04562574894423,49.284
135.5192713636185,49.317
147.05882352941643,49.351
128.56486930664013,49.384
131.5334104411683,49.418
88.38834764830855,49.45
85.70991287111188,49.483
65.76670522057039,49.517
67.75963568182384,49.55
41.594516540377775,49.584
60.60606060607136,49.617
95.82659576267453,49.65
88.23529411764986,49.684
95.82659576267453,49.717
90.90909090908747,49.75
60.60606060605831,49.783
57.14285714286271,49.818
93.74999999998951,49.85
88.23529411764986,49.884
60.60606060605831,49.917
58.82352941176657,49.951
67.75963568180924,49.984
41.59451654038647,50.018
42.85495643554671,50.051
42.85495643554671,50.084
41.59451654038647,50.118
42.85495643554671,50.151
42.85495643555594,50.184
83.18903308075555,50.218
106.04562574894423,50.252
67.75963568182384,50.285
88.38834764830855,50.317
65.76670522058414,50.351
41.59451654038647,50.385
65.76670522058414,50.419
30.303030303029153,50.452
60.60606060605831,50.485
30.303030303029153,50.518
58.82352941176657,50.552
62.49999999999301,50.584
29.411764705883286,50.618
88.23529411764986,50.652
60.60606060605831,50.685
42.85495643554671,50.718
60.60606060607136,50.751
65.76670522058414,50.785
95.82659576267453,50.818
95.82659576267453,50.851
65.76670522058414,50.885
85.70991287109342,50.918
65.76670522058414,50.952
30.303030303029153,50.985
67.75963568180924,51.018
65.76670522058414,51.052
42.85495643554671,51.085
29.411764705883286,51.119
42.85495643554671,51.152
30.303030303029153,51.185
41.59451654038647,51.219
42.85495643554671,51.252
42.85495643555594,51.285
21.107665110046142,51.352
3.003003003002953,51.685
0.23368580942922235,68.802
88.2352941176683,68.836
117.64705882350856,68.87
62.500000000006885,68.902
88.23529411763143,68.936
58.823529411778864,68.97
30.303030303029153,69.003
30.303030303029153,69.036
29.411764705889432,69.07
30.303030303029153,69.103
19.999999999995453,69.153
60.60606060605831,69.186
93.00816647556296,69.22
214.27478217773356,69.253
184.32613728175724,69.286
93.00816647556296,69.32
67.75963568180924,69.353
65.76670522057039,69.387
85.70991287109342,69.42
67.75963568180924,69.453
65.76670522059788,69.487
30.303030303029153,69.52
42.85495643554671,69.553
29.41176470587714,69.587
30.303030303029153,69.62
30.303030303029153,69.653
60.60606060605831,69.686
171.42857142858813,69.721
220.97086912082045,69.753
88.23529411763143,69.787
90.90909090912662,69.82
30.303030303029153,69.853
58.82352941175428,69.887
67.75963568180924,69.92
103.0157507275526,69.955
62.500000000006885,69.987
29.41176470587714,70.021
30.303030303029153,70.054
12.048192771084569,70.137
8.547008547008224,70.254
10.000000000000568,70.354
88.23529411763143,70.388
95.82659576267453,70.421
121.21212121216881,70.454
117.64705882350856,70.488
90.90909090908747,70.521
67.75963568180924,70.554
30.303030303029153,70.587
14.705882352941643,70.655
20.408163265309295,70.704
29.41176470587714,70.738
60.60606060605831,70.771
58.82352941175428,70.805
95.8265957627158,70.838
95.82659576267453,70.871
93.00816647552409,70.905
95.82659576267453,70.938
58.823529411778864,70.972
30.303030303029153,71.005
60.60606060605831,71.038
88.23529411763143,71.072
154.5157428361391,71.105
121.21212121211661,71.138
95.82659576267453,71.171
83.18903308079032,71.205
67.75963568180924,71.238
42.85495643554671,71.271
93.00816647552409,71.305
121.21212121216881,71.338
178.90478030285712,71.372
90.90909090908747,71.405
95.82659576267453,71.438
93.00816647556296,71.472
42.85495643554671,71.505
109.25912955951068,71.538
83.18903308075555,71.572
42.85495643554671,71.605
60.60606060605831,71.638
29.411764705889432,71.672
9.463722397476124,71.989
90.90909090908747,72.022
93.00816647556296,72.056
65.76670522057039,72.09
93.75000000001033,72.122
65.76670522057039,72.156
60.606060606084405,72.189
29.41176470587714,72.223
42.85495643554671,72.256
58.82352941175428,72.29
31.250000000003443,72.322
29.411764705889432,72.356
29.41176470587714,72.39
60.60606060605831,72.423
60.60606060605831,72.456
60.60606060605831,72.489
29.411764705889432,72.523
60.60606060605831,72.556
58.82352941175428,72.59
121.21212121211661,72.623
121.21212121211661,72.656
58.823529411778864,72.69
41.594516540377775,72.724
30.303030303029153,72.757
42.85495643554671,72.79
42.854956435565164,72.823
42.85495643554671,72.856
41.594516540377775,72.89
85.70991287109342,72.923
83.18903308079032,72.957
135.5192713636185,72.99
109.25912955951068,73.023
83.18903308075555,73.057
95.82659576267453,73.09
65.76670522059788,73.124
67.75963568180924,73.157
30.303030303029153,73.19
67.75963568180924,73.223
29.41176470587714,73.257
60.60606060605831,73.29
42.854956435565164,73.323
65.76670522057039,73.357
85.70991287109342,73.39
65.76670522057039,73.424
135.51927136367684,73.457
124.94259471568195,73.49
93.00816647552409,73.524
67.75963568180924,73.557
42.85495643554671,73.59
65.76670522059788,73.624
30.303030303029153,73.657
41.594516540377775,73.691
42.85495643554671,73.724
30.303030303029153,73.757
65.76670522059788,73.791
29.41176470587714,73.825
69.87712429687613,73.857
29.41176470587714,73.891
67.75963568180924,73.924
41.59451654039516,73.958
30.303030303029153,73.991
42.85495643554671,74.024
65.76670522057039,74.058
41.59451654039516,74.092
95.82659576267453,74.125
124.94259471568195,74.158
95.82659576267453,74.191
93.00816647556296,74.225
42.85495643554671,74.258
67.75963568180924,74.291
58.82352941175428,74.325
42.85495643554671,74.358
60.60606060605831,74.391
65.76670522059788,74.425
60.60606060605831,74.458
95.82659576267453,74.491
88.23529411763143,74.525
90.90909090908747,74.558
90.90909090912662,74.591
121.26781251814498,74.625
88.23529411763143,74.659
128.5648693066955,74.692
121.21212121211661,74.725
60.60606060605831,74.758
88.23529411763143,74.792
121.21212121211661,74.825
90.90909090908747,74.858
147.05882352944718,74.892
117.64705882350856,74.926
125.00000000001377,74.958
176.47058823526285,74.992
90.90909090908747,75.025
117.64705882355773,75.059
90.90909090908747,75.092
88.23529411763143,75.126
121.21212121211661,75.159
90.90909090912662,75.192
58.82352941175428,75.226
60.60606060605831,75.259
30.303030303029153,75.292
58.823529411778864,75.326
60.60606060605831,75.359
30.303030303029153,75.392
29.41176470587714,75.426
58.823529411778864,75.46
163.186812337403,75.493
124.94259471568195,75.526
65.76670522057039,75.56
95.82659576267453,75.593
67.75963568180924,75.626
41.59451654039516,75.66
42.85495643554671,75.693
30.303030303029153,75.726
65.76670522057039,75.76
67.75963568180924,75.793
67.75963568183842,75.826
28.28427124745547,75.876
41.59451654039516,75.91
42.85495643554671,75.943
67.75963568180924,75.976
58.82352941175428,76.01
58.823529411778864,76.044
62.500000000006885,76.076
29.41176470587714,76.11
42.85495643554671,76.143
60.60606060605831,76.176
19.230769230772005,76.228
69.8771242968451,76.26
29.411764705889432,76.294
15.151515151514577,76.36
8.4745762711868,76.478
36.585365853655034,76.56
149.97116216452977,76.594
154.5157428361391,76.627
124.94259471568195,76.66
121.26781251814498,76.694
67.75963568180924,76.727
42.85495643554671,76.76
29.411764705889432,76.794
42.85495643554671,76.827
42.85495643554671,76.86
29.41176470587714,76.894
42.85495643554671,76.927
30.303030303042203,76.96
41.594516540377775,76.994
30.303030303029153,77.027
41.594516540377775,77.061
93.00816647556296,77.095
124.94259471568195,77.128
95.82659576267453,77.161
95.82659576267453,77.194
95.82659576267453,77.227
88.2352941176683,77.261
42.85495643554671,77.294
41.594516540377775,77.328
30.303030303029153,77.361
41.59451654039516,77.395
42.85495643554671,77.428
67.75963568180924,77.461
85.70991287109342,77.494
58.82352941175428,77.528
90.90909090908747,77.561
58.823529411778864,77.595
60.60606060605831,77.628
60.60606060605831,77.661
88.2352941176683,77.695
60.60606060605831,77.728
58.82352941175428,77.762
60.60606060605831,77.795
30.303030303029153,77.828
30.303030303029153,77.861
20.000000000001137,77.911
7.46268656716416,78.045
40.000000000002274,78.095
90.90909090908747,78.128
41.594516540377775,78.162
60.606060606084405,78.195
30.303030303029153,78.228
41.594516540377775,78.262
20.000000000001137,78.312
30.303030303029153,78.345
28.571428571431355,78.38
12.195121951218345,78.462
42.85495643554671,78.495
29.411764705889432,78.529
42.85495643554671,78.562
27.729677693589046,78.613
12.048192771084569,78.696
30.303030303029153,78.729
14.925373134326737,78.796
88.2352941176683,78.83
98.82117688027274,78.862
117.64705882350856,78.896
88.23529411763143,78.93
93.75000000001033,78.962
40.406101782092364,78.997
90.90909090908747,79.03
60.60606060605831,79.063
60.60606060605831,79.096
58.823529411778864,79.13
30.303030303029153,79.163
30.303030303029153,79.196
20.000000000001137,79.246
19.999999999995453,79.296
58.823529411778864,79.33
60.60606060605831,79.363
60.60606060605831,79.396
85.71428571429406,79.431
125.00000000001377,79.463
121.21212121211661,79.496
88.23529411763143,79.53
60.60606060605831,79.563
30.303030303029153,79.596
65.76670522059788,79.63
60.60606060605831,79.663
29.41176470587714,79.697
60.60606060605831,79.73
121.26781251819568,79.764
60.60606060605831,79.797
28.284271247463508,79.847
19.999999999995453,79.897
30.303030303029153,79.93
30.303030303042203,79.963
29.41176470587714,79.997
60.60606060605831,80.03
29.411764705889432,80.064
30.303030303029153,80.097
30.303030303029153,80.13
29.41176470587714,80.164
95.82659576267453,80.197
30.303030303029153,80.23
29.411764705889432,80.264
30.303030303029153,80.297
29.41176470587714,80.331
30.303030303029153,80.364
29.411764705889432,80.398
20.000000000001137,80.448
15.151515151514577,80.514
61.538889934585264,80.581
151.51515151514576,80.614
178.9047803029319,80.648
90.90909090908747,80.681
121.21212121211661,80.714
58.82352941175428,80.748
67.75963568180924,80.781
58.823529411778864,80.815
30.303030303029153,80.848
42.85495643554671,80.881
20.000000000001137,80.931
29.41176470587714,80.965
30.303030303029153,80.998
67.75963568180924,81.031
65.76670522059788,81.065
30.303030303029153,81.098
42.85495643554671,81.131
20.000000000001137,81.181
29.41176470587714,81.215
20.000000000001137,81.265
30.303030303029153,81.298
29.411764705889432,81.332
42.85495643554671,81.365
30.303030303029153,81.398
29.41176470587714,81.432
42.85495643554671,81.465
42.85495643554671,81.498
29.411764705889432,81.532
30.303030303029153,81.565
41.594516540377775,81.599
30.303030303029153,81.632
30.303030303029153,81.665
42.854956435565164,81.698
117.64705882350856,81.732
184.32613728175724,81.765
117.64705882350856,81.799
121.21212121216881,81.832
60.60606060605831,81.865
41.594516540377775,81.899
30.303030303029153,81.932
29.411764705889432,81.966
42.85495643554671,81.999
60.60606060605831,82.032
93.00816647552409,82.066
90.90909090908747,82.099
95.82659576267453,82.132
93.00816647556296,82.166
93.00816647552409,82.2
69.87712429687613,82.232
93.00816647552409,82.266
65.76670522059788,82.3
88.38834764832818,82.332
41.594516540377775,82.366
93.00816647552409,82.4
95.82659576267453,82.433
124.94259471573575,82.466
65.76670522057039,82.5
121.26781251814498,82.534
69.87712429687613,82.566
65.76670522059788,82.6
42.85495643554671,82.633
42.85495643554671,82.666
83.18903308075555,82.7
95.82659576267453,82.733
106.04562574896639,82.767
128.56486930664013,82.8
95.82659576267453,82.833
109.25912955951068,82.866
93.00816647552409,82.9
60.60606060605831,82.933
124.94259471573575,82.966
117.64705882350856,83.0
95.82659576267453,83.033
58.823529411778864,83.067
60.60606060605831,83.1
60.60606060605831,83.133
29.41176470587714,83.167
30.303030303029153,83.2
30.303030303029153,83.233
29.411764705889432,83.267
9.90099009900999,83.368
36.1445783132537,83.451
90.90909090908747,83.484
88.23529411763143,83.518
121.21212121211661,83.551
88.2352941176683,83.585
93.7499999999687,83.617
90.90909090908747,83.65
88.2352941176683,83.684
29.41176470587714,83.718
60.60606060605831,83.751
60.60606060605831,83.784
30.303030303042203,83.817
29.41176470587714,83.851
29.41176470587714,83.885
30.303030303029153,83.918
42.854956435565164,83.951
42.85495643554671,83.984
65.76670522057039,84.018
42.85495643554671,84.051
109.25912955951068,84.084
121.26781251819568,84.118
95.82659576267453,84.151
121.26781251814498,84.185
95.82659576267453,84.218
88.2352941176683,84.252
154.5157428361391,84.285
121.26781251814498,84.319
128.84705080056608,84.351
149.9711621644671,84.385
95.82659576267453,84.418
127.77531300000044,84.453
98.82117688027274,84.485
135.5192713636185,84.518
106.04562574892208,84.552
95.8265957627158,84.585
67.75963568180924,84.618
85.70991287109342,84.651
93.00816647552409,84.685
95.82659576267453,84.718
121.26781251819568,84.752
95.82659576267453,84.785
95.82659576267453,84.818
88.23529411763143,84.852
95.82659576267453,84.885
121.21212121211661,84.918
93.00816647556296,84.952
121.21212121211661,84.985
88.23529411763143,85.019
95.82659576267453,85.052
90.90909090912662,85.085
65.76670522057039,85.119
65.76670522057039,85.153
42.85495643554671,85.186
30.303030303042203,85.219
30.303030303029153,85.252
67.75963568180924,85.285
29.41176470587714,85.319
42.85495643554671,85.352
29.411764705889432,85.386
42.85495643554671,85.419
30.303030303029153,85.452
58.82352941175428,85.486
93.00816647556296,85.52
30.303030303029153,85.553
30.303030303029153,85.586
29.41176470587714,85.62
31.250000000003443,85.652
7.46268656716416,85.786
29.411764705889432,85.82
9.999999999999147,85.92
2.1413276231263443,86.387
60.60606060605831,86.453
88.2352941176683,86.487
30.303030303029153,86.52
30.303030303029153,86.553
29.41176470587714,86.587
30.303030303029153,86.62
10.000000000000568,86.72
57.14285714286271,86.755
8.583690987124312,86.988
3.333333333333365,87.288
60.60606060605831,87.321
58.82352941175428,87.355
30.303030303029153,87.388
14.925373134329902,87.455
12.048192771084569,87.538
29.41176470587714,87.572
30.303030303029153,87.605
30.303030303029153,87.638
29.411764705889432,87.672
12.875536480686469,87.905
147.05882352944718,87.939
124.94259471568195,87.972
90.90909090908747,88.005
95.82659576267453,88.038
63.88765650000022,88.073
42.85495643554671,88.106
42.85495643554671,88.139
30.303030303029153,88.172
30.303030303029153,88.205
29.41176470587714,88.239
30.303030303029153,88.272
30.303030303029153,88.305
41.59451654039516,88.339
67.75963568180924,88.372
93.00816647552409,88.406
90.90909090912662,88.439
121.26781251814498,88.473
60.60606060605831,88.506
88.23529411763143,88.54
62.500000000006885,88.572
88.2352941176683,88.606
90.90909090908747,88.639
60.60606060605831,88.672
29.41176470587714,88.706
42.85495643554671,88.739
67.75963568180924,88.772
29.411764705889432,88.806
29.41176470587714,88.84
30.303030303029153,88.873
30.303030303029153,88.906
65.76670522059788,88.94
31.250000000003443,88.972
88.23529411763143,89.006
58.82352941175428,89.04
30.303030303042203,89.073
29.41176470587714,89.107
30.303030303029153,89.14
30.303030303029153,89.173
30.303030303029153,89.206
14.705882352941643,89.274
44.19417382416409,89.306
88.23529411763143,89.34
121.21212121211661,89.373
88.2352941176683,89.407
60.60606060605831,89.44
58.82352941175428,89.474
67.75963568180924,89.507
30.303030303029153,89.54
60.606060606084405,89.573
90.90909090908747,89.606
57.14285714283951,89.641
60.60606060605831,89.674
42.854956435565164,89.707
30.303030303029153,89.74
41.594516540377775,89.774
67.75963568180924,89.807
42.85495643554671,89.84
30.303030303029153,89.873
41.59451654039516,89.907
30.303030303029153,89.94
29.41176470587714,89.974
30.303030303029153,90.007
11.904761904763468,90.091
7.46268656716416,90.225
31.249999999989566,90.257
30.303030303029153,90.29
58.823529411778864,90.324
67.75963568180924,90.357
58.82352941175428,90.391
65.76670522059788,90.425
42.85495643554671,90.458
42.85495643554671,90.491
29.41176470587714,90.525
42.85495643554671,90.558
30.303030303042203,90.591
29.41176470587714,90.625
42.85495643554671,90.658
30.303030303029153,90.691
30.303030303029153,90.724
41.59451654039516,90.758
30.303030303029153,90.791
29.41176470587714,90.825
30.303030303029153,90.858
30.303030303029153,90.891
65.76670522059788,90.925
93.00816647552409,90.959
67.75963568180924,90.992
95.82659576267453,91.025
67.75963568180924,91.058
65.76670522059788,91.092
30.303030303029153,91.125
65.76670522057039,91.159
31.250000000003443,91.191
29.411764705889432,91.225
65.76670522057039,91.259
60.60606060605831,91.292
60.60606060605831,91.325
28.571428571431355,91.36
31.250000000003443,91.392
42.85495643554671,91.425
29.41176470587714,91.459
30.303030303029153,91.492
58.823529411778864,91.526
30.303030303029153,91.559
67.75963568180924,91.592
106.04562574892208,91.626
67.75963568180924,91.659
60.606060606084405,91.692
65.76670522057039,91.726
28.284271247463508,91.776
14.925373134326737,91.843
42.85495643554671,91.876
20.000000000001137,91.926
15.151515151514577,91.992
11.904761904763468,92.076
29.41176470587714,92.11
31.250000000003443,92.142
20.000000000001137,92.192
88.23529411763143,92.226
65.76670522057039,92.26
62.500000000006885,92.292
117.64705882355773,92.326
58.82352941175428,92.36
90.90909090908747,92.393
60.60606060605831,92.426
58.823529411778864,92.46
19.999999999995453,92.51
20.000000000001137,92.56
20.000000000001137,92.61
30.303030303029153,92.643
14.925373134329902,92.71
30.303030303029153,92.743
124.94259471568195,92.776
88.23529411763143,92.81
85.70991287109342,92.843
42.85495643554671,92.876
41.59451654039516,92.91
20.000000000001137,92.96
30.303030303029153,92.993
19.999999999995453,93.043
11.904761904763468,93.127
19.999999999995453,93.177
30.303030303042203,93.21
58.82352941175428,93.244
95.82659576267453,93.277
90.90909090908747,93.31
60.60606060605831,93.343
93.00816647556296,93.377
121.21212121211661,93.41
93.00816647552409,93.444
90.90909090908747,93.477
58.823529411778864,93.511
95.82659576267453,93.544
88.23529411763143,93.578
93.75000000001033,93.61
147.0588235293857,93.644
58.823529411778864,93.678
95.82659576267453,93.711
60.60606060605831,93.744
88.23529411763143,93.778
67.75963568180924,93.811
83.18903308079032,93.845
85.70991287109342,93.878
65.76670522057039,93.912
44.19417382416409,93.944
42.85495643554671,93.977
41.59451654039516,94.011
30.303030303029153,94.044
14.705882352941643,94.112
31.249999999989566,94.144
9.90099009900999,94.245
30.303030303029153,94.278
0.8503401360544255,96.63
58.82352941175428,96.664
20.408163265309295,96.713
14.925373134326737,96.78
88.2352941176683,96.814
60.60606060605831,96.847
60.60606060605831,96.88
29.41176470587714,96.914
30.303030303029153,96.947
20.000000000001137,96.997
29.41176470587714,97.031
58.823529411778864,97.065
60.60606060605831,97.098
30.303030303029153,97.131
29.41176470587714,97.165
30.303030303042203,97.198
90.90909090908747,97.231
29.41176470587714,97.265
30.303030303029153,97.298
30.303030303029153,97.331
6.666666666667045,97.481
14.925373134326737,97.548
8.547008547008224,97.665
30.303030303042203,97.698
58.82352941175428,97.732
30.303030303029153,97.765
29.41176470587714,97.799
15.15151515151784,97.865
29.850746268653474,97.932
95.82659576267453,97.965
30.303030303029153,97.998
29.411764705889432,98.032
12.048192771084569,98.115
29.41176470587714,98.149
30.303030303029153,98.182
29.411764705889432,98.216
15.151515151514577,98.282
23.809523809522908,98.45
31.250000000003443,98.482
58.82352941175428,98.516
30.303030303029153,98.549
30.303030303042203,98.582
60.60606060605831,98.615
58.82352941175428,98.649
58.82352941175428,98.683
30.303030303042203,98.716
58.82352941175428,98.75
31.250000000003443,98.782
29.41176470587714,98.816
29.411764705889432,98.85
30.303030303029153,98.883
30.303030303029153,98.916
15.151515151514577,98.982
9.90099009900999,99.083
30.303030303029153,99.116
29.41176470587714,99.15
30.303030303029153,99.183
14.925373134329902,99.25
20.000000000001137,99.3
60.60606060605831,99.333
30.303030303029153,99.366
29.41176470587714,99.4
30.303030303029153,99.433
7.462686567164951,99.567
60.60606060605831,99.6
151.51515151514576,99.633
12.468827930174239,100.034
151.51515151521102,100.067
121.21212121211661,100.1
58.82352941175428,100.134
30.303030303029153,100.167
30.303030303029153,100.2
8.547008547009261,100.317
5.988023952095752,100.484
19.999999999995453,100.534
11.904761904763468,100.618
3.154574132492041,100.935
4.6296296296297585,101.151
29.41176470587714,101.185
30.303030303029153,101.218
30.303030303029153,101.251
19.607843137254157,101.302
12.048192771084569,101.385
30.303030303029153,101.418
29.411764705889432,101.452
30.303030303029153,101.485
29.41176470587714,101.519
30.303030303029153,101.552
7.50000000000016,101.952
151.51515151514576,101.985
85.71428571429406,102.02
30.303030303029153,102.053
30.303030303029153,102.086
14.925373134326737,102.153
5.464480874317157,102.336
9.999999999999147,102.436
29.411764705889432,102.47
60.60606060605831,102.503
60.60606060605831,102.536
58.823529411778864,102.57
67.75963568180924,102.603
30.303030303029153,102.636
29.41176470587714,102.67
30.303030303029153,102.703
42.85495643554671,102.736
41.59451654039516,102.77
95.82659576267453,102.803
95.82659576267453,102.836
58.82352941175428,102.87
67.75963568180924,102.903
83.18903308079032,102.937
163.186812337403,102.97
124.94259471568195,103.003
41.594516540377775,103.037
42.854956435565164,103.07
29.41176470587714,103.104
42.85495643554671,103.137
60.60606060605831,103.17
67.75963568180924,103.203
29.411764705889432,103.237
9.999999999999147,103.337
30.303030303029153,103.37
29.411764705889432,103.404
90.90909090908747,103.437
109.25912955951068,103.47
131.53341044114077,103.504
67.75963568180924,103.537
42.854956435565164,103.57
41.594516540377775,103.604
29.41176470587714,103.638
42.85495643554671,103.671
30.303030303042203,103.704
65.76670522057039,103.738
88.23529411763143,103.772
62.500000000006885,103.804
60.60606060605831,103.837
41.59451654039516,103.871
58.82352941175428,103.905
62.500000000006885,103.937
58.82352941175428,103.971
42.85495643554671,104.004
93.00816647556296,104.038
154.5157428361391,104.071
60.60606060605831,104.104
93.00816647552409,104.138
67.75963568180924,104.171
121.26781251819568,104.205
90.90909090908747,104.238
67.75963568180924,104.271
30.303030303029153,104.304
29.411764705889432,104.338
30.303030303029153,104.371
11.904761904761454,104.455
7.5187969924814535,104.588
14.925373134326737,104.655
30.303030303029153,104.688
19.607843137254157,104.739
12.048192771084569,104.822
4.608294930875602,105.039
15.151515151514577,105.105
29.411764705889432,105.139
30.303030303029153,105.172
14.925373134326737,105.239
10.000000000000568,105.339
30.303030303029153,105.372
30.303030303029153,105.405
19.607843137254157,105.456
29.411764705889432,105.49
31.249999999989566,105.522
20.000000000001137,105.572
32.88335261029207,105.64
93.75000000001033,105.672
57.14285714286271,105.707
67.75963568180924,105.74
30.303030303029153,105.773
30.303030303029153,105.806
20.000000000001137,105.856
29.41176470587714,105.89
90.90909090908747,105.923
30.303030303029153,105.956
29.411764705889432,105.99
15.151515151514577,106.056
4.273504273504112,106.29
8.547008547009261,106.407
12.048192771084569,106.49
30.303030303029153,106.523
58.82352941175428,106.557
20.000000000001137,106.607
20.000000000001137,106.657
90.90909090908747,106.69
6.410256410256362,107.158
121.21212121211661,107.191
151.51515151514576,107.224
60.60606060605831,107.257
29.411764705889432,107.291
30.303030303029153,107.324
29.41176470587714,107.358
15.151515151514577,107.424
29.411764705889432,107.458
60.60606060605831,107.491
29.41176470587714,107.525
30.303030303029153,107.558
60.606060606084405,107.591
29.41176470587714,107.625
30.303030303029153,107.658
30.303030303029153,107.691
14.925373134329902,107.758
19.999999999995453,107.808
29.411764705889432,107.842
29.41176470587714,107.876
60.60606060605831,107.909
60.606060606084405,107.942
128.56486930664013,107.975
65.76670522057039,108.009
67.75963568180924,108.042
30.303030303029153,108.075
30.303030303029153,108.108
14.925373134329902,108.175
30.303030303029153,108.208
20.000000000001137,108.258
29.41176470587714,108.292
30.303030303029153,108.325
29.411764705889432,108.359
30.303030303029153,108.392
14.925373134326737,108.459
10.000000000000568,108.559
7.5187969924814535,108.692
88.23529411763143,108.726
121.21212121211661,108.759
147.0588235293857,108.793
121.21212121216881,108.826
90.90909090908747,108.859
29.41176470587714,108.893
30.303030303029153,108.926
11.904761904761454,109.01
10.000000000000568,109.11
30.303030303029153,109.143
67.75963568180924,109.176
29.411764705889432,109.21
67.75963568180924,109.243
67.75963568180924,109.276
29.41176470587714,109.31
42.85495643554671,109.343
30.303030303029153,109.376
29.411764705889432,109.41
30.303030303029153,109.443
30.303030303029153,109.476
29.41176470587714,109.51
30.303030303029153,109.543
29.411764705889432,109.577
30.303030303029153,109.61
60.60606060605831,109.643
42.85495643554671,109.676
83.18903308079032,109.71
85.71428571425926,109.745
98.82117688027274,109.777
65.76670522057039,109.811
31.250000000003443,109.843
19.607843137254157,109.894
30.303030303029153,109.927
15.15151515151784,109.993
29.41176470587714,110.027
8.547008547008224,110.144
30.303030303029153,110.177
29.411764705889432,110.211
60.60606060605831,110.244
30.303030303029153,110.277
30.303030303029153,110.31
33.37414891791076,110.377
58.82352941175428,110.411
65.76670522059788,110.445
69.8771242968451,110.477
41.59451654039516,110.511
30.303030303029153,110.544
30.303030303029153,110.577
41.594516540377775,110.611
30.303030303029153,110.644
30.303030303029153,110.677
29.411764705889432,110.711
30.303030303029153,110.744
30.303030303029153,110.777
63.88765650000022,110.812
121.21212121211661,110.845
184.32613728175724,110.878
121.21212121211661,110.911
60.60606060605831,110.944
93.00816647556296,110.978
60.60606060605831,111.011
29.41176470587714,111.045
42.85495643554671,111.078
30.303030303029153,111.111
29.411764705889432,111.145
15.151515151514577,111.211
8.547008547008224,111.328
30.303030303029153,111.361
58.823529411778864,111.395
67.75963568180924,111.428
88.23529411763143,111.462
42.85495643554671,111.495
30.303030303029153,111.528
29.411764705889432,111.562
30.303030303029153,111.595
20.000000000001137,111.645
30.303030303029153,111.678
29.41176470587714,111.712
20.000000000001137,111.762
30.303030303029153,111.795
58.823529411778864,111.829
30.303030303029153,111.862
60.60606060605831,111.895
29.41176470587714,111.929
60.60606060605831,111.962
29.411764705889432,111.996
30.303030303029153,112.029
30.303030303029153,112.062
30.303030303029153,112.095
29.41176470587714,112.129
30.303030303029153,112.162
29.411764705889432,112.196
44.19417382416409,112.228
29.41176470587714,112.262
58.82352941175428,112.296
58.823529411778864,112.33
62.500000000006885,112.362
58.82352941175428,112.396
88.23529411763143,112.43
90.90909090912662,112.463
60.60606060605831,112.496
29.41176470587714,112.53
30.303030303029153,112.563
30.303030303029153,112.596
29.411764705889432,112.63
30.303030303029153,112.663
20.000000000001137,112.713
30.303030303029153,112.746
29.41176470587714,112.78
63.24555320337118,112.83
67.75963568180924,112.863
109.25912955951068,112.896
83.18903308075555,112.93
42.854956435565164,112.963
42.85495643554671,112.996
29.41176470587714,113.03
30.303030303029153,113.063
42.85495643554671,113.096
29.411764705889432,113.13
30.303030303029153,113.163
58.82352941175428,113.197
30.303030303029153,113.23
20.000000000001137,113.28
42.85495643554671,113.313
41.59451654039516,113.347
67.75963568180924,113.38
30.303030303029153,113.413
41.594516540377775,113.447
30.303030303029153,113.48
41.59451654039516,113.514
30.303030303029153,113.547
30.303030303029153,113.58
29.41176470587714,113.614
29.411764705889432,113.648
20.408163265303376,113.697
30.303030303029153,113.73
8.547008547009261,113.847
6.666666666666414,113.997
8.547008547008224,114.114
88.2352941176683,114.148
117.64705882350856,114.182
60.60606060605831,114.215
30.303030303029153,114.248
30.303030303029153,114.281
11.764705882353807,114.366
31.250000000003443,114.398
181.81818181817493,114.431
88.23529411763143,114.465
60.60606060605831,114.498
19.607843137254157,114.549
8.62068965517244,114.665
11.904761904763468,114.749
30.303030303029153,114.782
30.303030303029153,114.815
30.303030303029153,114.848
14.705882352941643,114.916
10.101010101009718,115.015
29.41176470587714,115.049
29.411764705889432,115.083
31.250000000003443,115.115
58.82352941175428,115.149
30.303030303029153,115.182
29.411764705889432,115.216
30.303030303029153,115.249
30.303030303029153,115.282
30.303030303029153,115.315
30.303030303029153,115.348
14.925373134326737,115.415
0.26867275658248296,119.137
30.303030303029153,119.17
30.303030303029153,119.203
60.60606060605831,119.236
117.64705882355773,119.27
60.60606060605831,119.303
29.41176470587714,119.337
60.60606060605831,119.37
29.411764705889432,119.404
30.303030303029153,119.437
42.85495643554671,119.47
65.76670522057039,119.504
42.85495643554671,119.537
30.303030303042203,119.57
42.85495643554671,119.603
58.82352941175428,119.637
60.60606060605831,119.67
41.59451654039516,119.704
60.60606060605831,119.737
30.303030303029153,119.77
29.41176470587714,119.804
67.75963568180924,119.837
41.59451654039516,119.871
30.303030303029153,119.904
42.85495643554671,119.937
29.41176470587714,119.971
42.85495643554671,120.004
30.303030303029153,120.037
30.303030303042203,120.07
58.82352941175428,120.104
95.82659576267453,120.137
93.00816647552409,120.171
60.606060606084405,120.204
42.85495643554671,120.237
29.41176470587714,120.271
28.86150127292479,120.32
14.70588235293857,120.388
20.000000000001137,120.438
30.303030303029153,120.471
67.75963568180924,120.504
65.76670522059788,120.538
60.60606060605831,120.571
90.90909090908747,120.604
147.0588235293857,120.638
121.26781251819568,120.672
128.84705080056608,120.704
90.35079029049724,120.739
67.75963568180924,120.772
60.60606060605831,120.805
29.411764705889432,120.839
31.250000000003443,120.871
63.88765649997428,120.906
67.75963568183842,120.939
67.75963568180924,120.972
42.85495643554671,121.005
83.18903308075555,121.039
67.75963568180924,121.072
67.75963568180924,121.105
30.303030303029153,121.138
58.823529411778864,121.172
30.303030303029153,121.205
67.75963568180924,121.238
29.41176470587714,121.272
60.60606060605831,121.305
42.854956435565164,121.338
41.594516540377775,121.372
29.41176470587714,121.406
31.250000000003443,121.438
57.14285714286271,121.473
93.75000000001033,121.505
58.82352941175428,121.539
90.90909090908747,121.572
60.60606060605831,121.605
29.411764705889432,121.639
30.303030303029153,121.672
30.303030303029153,121.705
30.303030303029153,121.738
40.406101782092364,121.773
30.303030303029153,121.806
30.303030303029153,121.839
30.303030303029153,121.872
40.406101782092364,121.907
42.85495643554671,121.94
44.19417382416409,121.972
65.76670522057039,122.006
42.85495643554671,122.039
42.85495643554671,122.072
29.411764705889432,122.106
42.85495643554671,122.139
67.75963568180924,122.172
41.594516540377775,122.206
65.76670522059788,122.24
67.75963568180924,122.273
41.594516540377775,122.307
67.75963568180924,122.34
42.85495643554671,122.373
58.823529411778864,122.407
67.75963568180924,122.44
30.303030303029153,122.473
67.75963568180924,122.506
29.41176470587714,122.54
42.854956435565164,122.573
28.28427124745547,122.623
30.303030303029153,122.656
41.59451654039516,122.69
67.75963568180924,122.723
30.303030303029153,122.756
80.81220356418473,122.791
31.250000000003443,122.823
29.41176470587714,122.857
30.303030303029153,122.89
30.303030303029153,122.923
60.60606060605831,122.956
29.411764705889432,122.99
30.303030303029153,123.023
58.82352941175428,123.057
30.303030303029153,123.09
30.303030303029153,123.123
29.411764705889432,123.157
30.303030303029153,123.19
29.41176470587714,123.224
30.303030303029153,123.257
29.411764705889432,123.291
98.82117688027274,123.323
65.76670522057039,123.357
60.60606060605831,123.39
67.75963568180924,123.423
41.59451654039516,123.457
41.594516540377775,123.491
41.594516540377775,123.525
44.19417382416409,123.557
41.59451654039516,123.591
42.85495643554671,123.624
42.85495643554671,123.657
65.76670522057039,123.691
67.75963568180924,123.724
29.411764705889432,123.758
69.8771242968451,123.79
40.406101782092364,123.825
65.76670522059788,123.859
69.8771242968451,123.891
58.823529411778864,123.925
67.75963568180924,123.958
95.82659576267453,123.991
41.594516540377775,124.025
62.500000000006885,124.057
41.59451654039516,124.091
30.303030303029153,124.124
41.594516540377775,124.158
67.75963568180924,124.191
29.411764705889432,124.225
19.999999999995453,124.275
42.85495643554671,124.308
58.823529411778864,124.342
30.303030303029153,124.375
60.60606060605831,124.408
29.411764705889432,124.442
67.75963568180924,124.475
67.75963568180924,124.508
29.41176470587714,124.542
30.303030303029153,124.575
20.000000000001137,124.625
29.41176470587714,124.659
31.250000000003443,124.691
29.411764705889432,124.725
29.41176470587714,124.759
31.250000000003443,124.791
19.607843137254157,124.842
29.41176470587714,124.876
29.411764705889432,124.91
44.19417382416409,124.942
41.594516540377775,124.976
41.594516540377775,125.01
31.250000000003443,125.042
29.411764705889432,125.076
58.82352941175428,125.11
31.250000000003443,125.142
30.303030303029153,125.175
29.41176470587714,125.209
30.303030303029153,125.242
20.000000000001137,125.292
29.411764705889432,125.326
30.303030303029153,125.359
19.999999999995453,125.409
30.303030303042203,125.442
29.41176470587714,125.476
19.607843137254157,125.527
15.151515151514577,125.593
14.925373134329902,125.66
31.250000000003443,125.692
29.41176470587714,125.726
29.41176470587714,125.76
20.000000000001137,125.81
20.408163265309295,125.859
41.594516540377775,125.893
30.303030303029153,125.926
29.411764705889432,125.96
30.303030303029153,125.993
19.999999999995453,126.043
20.000000000001137,126.093
10.000000000000568,126.193
8.547008547008224,126.31
5.291005291005356,126.877
58.82352941175428,126.911
60.60606060605831,126.944
30.303030303029153,126.977
30.303030303029153,127.01
58.823529411778864,127.044
30.303030303029153,127.077
29.41176470587714,127.111
20.000000000001137,127.161
14.925373134329902,127.228
30.303030303029153,127.261
29.41176470587714,127.295
20.000000000001137,127.345
12.048192771084569,127.428
45.454545454543734,127.494
88.23529411763143,127.528
67.75963568180924,127.561
184.32613728183662,127.594
58.82352941175428,127.628
12.048192771084569,127.711
6.666666666666414,127.861
58.823529411778864,127.895
60.60606060605831,127.928
30.303030303029153,127.961
29.41176470587714,127.995
30.303030303042203,128.028
19.999999999995453,128.078
30.303030303042203,128.111
58.823529411729695,128.145
30.303030303042203,128.178
29.411764705889432,128.212
28.28427124745547,128.262
41.59451654039516,128.296
31.249999999989566,128.328
93.00816647556296,128.362
67.75963568178005,128.395
90.90909090912662,128.428
29.411764705889432,128.462
19.999999999995453,128.512
29.411764705889432,128.546
19.999999999995453,128.596
21.427478217773356,128.662
14.925373134326737,128.729
30.303030303042203,128.762
19.999999999995453,128.812
20.00000000000682,128.862
117.64705882355773,128.896
30.303030303016104,128.929
14.925373134326737,128.996
20.00000000000682,129.046
19.999999999995453,129.096
29.411764705889432,129.13
29.411764705889432,129.164
15.151515151514577,129.23
60.60606060603221,129.263
60.606060606084405,129.296
58.823529411729695,129.33
30.303030303042203,129.363
19.999999999995453,129.413
20.00000000000682,129.463
30.303030303016104,129.496
29.411764705889432,129.53
60.606060606084405,129.563
60.60606060603221,129.596
88.2352941176683,129.63
30.303030303016104,129.663
30.303030303042203,129.696
19.999999999995453,129.746
29.411764705889432,129.78
30.303030303042203,129.813
41.59451654036039,129.847
30.303030303042203,129.88
30.303030303016104,129.913
19.60784313725962,129.964
12.048192771084569,130.047
95.82659576263326,130.08
90.90909090912662,130.113
29.411764705889432,130.147
8.547008547007184,130.264
3.5335689045938015,130.547
21.107665110043904,130.614
60.606060606084405,130.647
65.7667052205429,130.681
60.606060606084405,130.714
65.76670522059788,130.748
67.75963568178005,130.781
42.854956435565164,130.814
41.59451654036039,130.848
67.75963568183842,130.881
65.76670522059788,130.915
60.60606060603221,130.948
42.854956435565164,130.981
88.2352941176683,131.015
95.82659576263326,131.048
30.303030303042203,131.081
41.59451654036039,131.115
30.303030303042203,131.148
30.303030303016104,131.181
29.411764705889432,131.215
30.303030303042203,131.248
30.303030303016104,131.281
29.411764705889432,131.315
30.303030303016104,131.348
29.411764705889432,131.382
30.303030303042203,131.415
19.999999999995453,131.465
30.303030303042203,131.498
11.904761904761454,131.582
30.303030303016104,131.615
19.60784313725962,131.666
8.620689655171383,131.782
3.7453183520599826,132.049
0.33025099075297315,138.105
58.823529411729695,138.139
60.606060606084405,138.172
30.303030303016104,138.205
29.411764705889432,138.239
60.606060606084405,138.272
90.90909090904832,138.305
58.823529411778864,138.339
60.60606060603221,138.372
20.00000000000682,138.422
29.411764705889432,138.456
31.249999999989566,138.488
29.411764705889432,138.522
29.411764705864847,138.556
31.25000000001732,138.588
8.4745762711868,138.706
11.904761904761454,138.79
121.21212121206442,138.823
4.796163069544346,139.24
58.823529411778864,139.274
60.606060606084405,139.307
30.303030303016104,139.34
2.398081534772173,139.757
10.000000000000568,139.857
4.608294930875502,140.508
121.21212121216881,140.541
121.21212121206442,140.574
58.823529411778864,140.608
30.303030303042203,140.641
58.823529411729695,140.675
12.048192771084569,140.758
10.000000000000568,140.858
29.411764705889432,140.892
93.7499999999687,140.924
88.2352941176683,140.958
88.2352941176683,140.992
121.21212121206442,141.025
90.90909090912662,141.058
58.823529411729695,141.092
88.2352941176683,141.126
62.50000000003464,141.158
58.823529411729695,141.192
60.606060606084405,141.225
30.303030303016104,141.258
30.303030303042203,141.291
19.607843137248697,141.342
5.434782608695726,141.526
60.606060606084405,141.559
30.303030303016104,141.592
29.411764705889432,141.626
181.81818181825324,141.659
121.2678125180943,141.693
30.303030303042203,141.726
62.49999999997913,141.758
14.705882352944716,141.826
29.411764705864847,141.86
10.000000000000568,141.96
30.303030303042203,141.993
30.303030303016104,142.026
58.823529411778864,142.06
60.606060606084405,142.093
30.303030303016104,142.126
29.411764705889432,142.16
15.151515151514577,142.226
11.904761904761454,142.31
19.999999999995453,142.36
30.303030303042203,142.393
19.999999999995453,142.443
30.303030303042203,142.476
29.411764705889432,142.51
30.303030303016104,142.543
42.854956435565164,142.576
29.411764705864847,142.61
29.411764705889432,142.644
42.854956435565164,142.677
42.85495643552826,142.71
42.854956435565164,142.743
41.59451654039516,142.777
30.303030303016104,142.81
42.854956435565164,142.843
65.7667052205429,142.877
30.303030303042203,142.91
41.59451654039516,142.944
42.85495643552826,142.977
58.823529411778864,143.011
42.85495643552826,143.044
30.303030303042203,143.077
30.303030303016104,143.11
29.411764705889432,143.144
65.76670522059788,143.178
31.249999999989566,143.21
30.303030303042203,143.243
29.411764705889432,143.277
30.303030303016104,143.31
19.999999999995453,143.36
14.705882352944716,143.428
30.303030303016104,143.461
20.00000000000682,143.511
30.303030303016104,143.544
60.606060606084405,143.577
30.303030303016104,143.61
41.59451654039516,143.644
28.284271247471548,143.694
67.75963568178005,143.727
65.76670522059788,143.761
67.75963568178005,143.794
80.81220356418473,143.829
112.6734773583121,143.861
135.5192713635601,143.894
93.00816647556296,143.928
42.85495643552826,143.961
58.823529411778864,143.995
44.194173824183714,144.027
65.7667052205429,144.061
42.854956435565164,144.094
80.81220356418473,144.129
67.75963568178005,144.162
67.75963568183842,144.195
67.75963568178005,144.228
65.76670522059788,144.262
60.606060606084405,144.295
41.59451654036039,144.329
109.25912955955773,144.362
60.60606060603221,144.395
60.606060606084405,144.428
58.823529411778864,144.462
90.90909090904832,144.495
90.90909090912662,144.528
60.60606060603221,144.561
29.411764705889432,144.595
60.606060606084405,144.628
88.23529411759455,144.662
60.606060606084405,144.695
58.823529411729695,144.729
90.90909090912662,144.762
58.823529411778864,144.796
60.60606060603221,144.829
30.303030303042203,144.862
58.823529411778864,144.896
191.65319152526652,144.929
124.94259471573575,144.962
93.00816647548521,144.996
44.194173824183714,145.028
40.406101782092364,145.063
30.303030303016104,145.096
30.303030303042203,145.129
42.85495643552826,145.162
60.606060606084405,145.195
28.571428571431355,145.23
31.249999999989566,145.262
58.823529411778864,145.296
65.7667052205429,145.33
69.87712429690716,145.362
65.76670522059788,145.396
83.18903308072078,145.43
60.606060606084405,145.463
42.85495643552826,145.496
58.823529411778864,145.53
69.8771242968451,145.562
29.411764705889432,145.596
29.411764705889432,145.63
62.49999999997913,145.662
29.411764705889432,145.696
29.411764705889432,145.73
28.28427124745547,145.78
67.75963568183842,145.813
90.90909090904832,145.846
65.76670522059788,145.88
42.85495643552826,145.913
29.411764705889432,145.947
30.303030303042203,145.98
42.85495643552826,146.013
30.303030303042203,146.046
29.411764705864847,146.08
58.823529411778864,146.114
30.303030303042203,146.147
30.303030303016104,146.18
30.303030303042203,146.213
30.303030303016104,146.246
57.14285714286271,146.281
30.303030303042203,146.314
42.85495643552826,146.347
30.303030303042203,146.38
42.85495643552826,146.413
29.411764705889432,146.447
42.854956435565164,146.48
28.571428571431355,146.515
42.85495643552826,146.548
20.408163265303376,146.597
30.303030303042203,146.63
42.85495643552826,146.663
29.411764705889432,146.697
65.76670522059788,146.731
42.85495643552826,146.764
42.854956435565164,146.797
63.88765650000022,146.832
69.8771242968451,146.864
65.76670522059788,146.898
41.59451654039516,146.932
20.833333333332543,146.98
29.411764705864847,147.014
14.705882352944716,147.082
14.925373134326737,147.149
20.833333333332543,147.197
29.411764705889432,147.231
41.59451654039516,147.265
69.8771242968451,147.297
58.823529411778864,147.331
65.7667052205429,147.365
60.606060606084405,147.398
58.823529411778864,147.432
42.85495643552826,147.465
42.854956435565164,147.498
30.303030303016104,147.531
41.59451654039516,147.565
30.303030303016104,147.598
42.854956435565164,147.631
29.411764705889432,147.665
60.60606060603221,147.698
58.823529411778864,147.732
30.303030303042203,147.765
60.60606060603221,147.798
30.303030303042203,147.831
29.411764705864847,147.865
41.59451654039516,147.899
31.249999999989566,147.931
58.823529411778864,147.965
60.606060606084405,147.998
29.411764705864847,148.032
30.303030303042203,148.065
30.303030303016104,148.098
29.411764705889432,148.132
15.151515151514577,148.198
28.571428571431355,148.233
31.25000000001732,148.265
40.40610178205956,148.3
31.25000000001732,148.332
58.823529411729695,148.366
42.854956435565164,148.399
60.606060606084405,148.432
60.60606060603221,148.465
19.60784313725962,148.516
30.303030303016104,148.549
42.854956435565164,148.582
28.571428571431355,148.617
31.249999999989566,148.649
58.823529411778864,148.683
42.85495643552826,148.716
29.411764705889432,148.75
31.249999999989566,148.782
29.411764705889432,148.816
30.303030303042203,148.849
58.823529411729695,148.883
42.854956435565164,148.916
29.411764705889432,148.95
30.303030303016104,148.983
42.854956435565164,149.016
41.59451654036039,149.05
30.303030303042203,149.083
19.999999999995453,149.133
30.303030303042203,149.166
8.547008547009261,149.283
19.999999999995453,149.333
30.303030303016104,149.366
29.411764705889432,149.4
60.606060606084405,149.433
67.75963568178005,149.466
28.571428571431355,149.501
42.854956435565164,149.534
41.59451654036039,149.568
31.25000000001732,149.6
30.303030303016104,149.633
29.411764705889432,149.667
28.86150127291642,149.716
29.411764705889432,149.75
29.411764705889432,149.784
15.151515151514577,149.85
30.303030303016104,149.883
14.142135623731754,149.983
19.60784313725962,150.034
42.85495643552826,150.067
60.606060606084405,150.1
67.75963568178005,150.133
88.2352941176683,150.167
67.75963568183842,150.2
29.411764705864847,150.234
58.823529411778864,150.268
44.194173824144464,150.3
29.411764705889432,150.334
58.823529411778864,150.368
20.408163265303376,150.417
30.303030303042203,150.45
29.411764705864847,150.484
60.606060606084405,150.517
58.823529411778864,150.551
30.303030303016104,150.584
58.823529411778864,150.618
90.90909090904832,150.651
29.411764705889432,150.685
30.303030303042203,150.718
60.60606060603221,150.751
29.411764705889432,150.785
30.303030303016104,150.818
58.823529411778864,150.852
30.303030303042203,150.885
83.18903308072078,150.919
44.194173824183714,150.951
65.7667052205429,150.985
29.411764705889432,151.019
42.854956435565164,151.052
30.303030303016104,151.085
30.303030303042203,151.118
41.59451654039516,151.152
30.303030303016104,151.185
19.999999999995453,151.235
41.59451654039516,151.269
29.411764705889432,151.303
19.999999999995453,151.353
31.25000000001732,151.385
29.411764705864847,151.419
30.303030303042203,151.452
30.303030303016104,151.485
41.59451654039516,151.519
30.303030303042203,151.552
30.303030303016104,151.585
57.14285714286271,151.62
30.303030303042203,151.653
31.249999999989566,151.685
30.303030303042203,151.718
29.411764705864847,151.752
20.00000000000682,151.802
19.999999999995453,151.852
20.00000000000682,151.902
2.7894002789399774,152.619
58.823529411778864,152.653
30.303030303016104,152.686
29.411764705889432,152.72
19.999999999995453,152.77
20.00000000000682,152.82
30.303030303016104,152.853
30.303030303042203,152.886
29.411764705889432,152.92
19.999999999995453,152.97
19.999999999995453,153.02
7.462686567164951,153.154
19.999999999995453,153.204
20.00000000000682,153.254
6.024096385542284,153.42
29.411764705864847,153.454
30.303030303042203,153.487
29.411764705889432,153.521
95.82659576263326,153.554
42.854956435565164,153.587
41.59451654036039,153.621
95.8265957627158,153.654
30.303030303016104,153.687
20.00000000000682,153.737
30.303030303016104,153.77
29.411764705889432,153.804
19.999999999995453,153.854
12.048192771084569,153.937
44.77611940299921,154.004
90.90909090904832,154.037
29.411764705889432,154.071
58.823529411778864,154.105
31.249999999989566,154.137
29.411764705889432,154.171
19.999999999995453,154.221
14.925373134326737,154.288
60.606060606084405,154.321
29.411764705889432,154.355
30.303030303016104,154.388
30.303030303042203,154.421
29.411764705864847,154.455
30.303030303042203,154.488
30.303030303042203,154.521
19.999999999995453,154.571
19.607843137248697,154.622
30.303030303042203,154.655
30.303030303042203,154.688
19.999999999995453,154.738
30.303030303042203,154.771
19.999999999995453,154.821
29.411764705889432,154.855
30.303030303016104,154.888
29.411764705889432,154.922
30.303030303016104,154.955
12.048192771084569,155.038
11.904761904761454,155.122
30.303030303042203,155.155
19.230769230772005,155.207
31.249999999989566,155.239
29.411764705889432,155.273
95.82659576263326,155.306
90.90909090912662,155.339
60.60606060603221,155.372
65.76670522059788,155.406
30.303030303042203,155.439
42.85495643552826,155.472
30.303030303042203,155.505
29.411764705889432,155.539
60.60606060603221,155.572
83.18903308079032,155.606
41.59451654039516,155.64
42.85495643552826,155.673
42.854956435565164,155.706
42.85495643552826,155.739
42.854956435565164,155.772
58.823529411729695,155.806
41.59451654039516,155.84
29.411764705889432,155.874
31.249999999989566,155.906
29.411764705889432,155.94
30.303030303016104,155.973
30.303030303042203,156.006
29.411764705889432,156.04
67.75963568178005,156.073
67.75963568183842,156.106
41.59451654039516,156.14
42.85495643552826,156.173
30.303030303042203,156.206
41.59451654036039,156.24
29.411764705889432,156.274
42.854956435565164,156.307
30.303030303016104,156.34
60.606060606084405,156.373
29.411764705864847,156.407
60.606060606084405,156.44
30.303030303016104,156.473
29.411764705889432,156.507
60.606060606084405,156.54
29.411764705864847,156.574
30.303030303042203,156.607
30.303030303042203,156.64
60.60606060603221,156.673
29.411764705889432,156.707
30.303030303016104,156.74
19.60784313725962,156.791
30.303030303016104,156.824
29.411764705889432,156.858
31.25000000001732,156.89
58.823529411729695,156.924
30.303030303042203,156.957
30.303030303016104,156.99
29.411764705889432,157.024
19.999999999995453,157.074
30.303030303042203,157.107
14.70588235293857,157.175
12.048192771084569,157.258
19.60784313725962,157.309
10.204081632651688,157.407
5.208333333333521,157.791
88.2352941176683,157.825
60.60606060603221,157.858
90.90909090912662,157.891
29.411764705864847,157.925
42.854956435565164,157.958
19.999999999995453,158.008
20.00000000000682,158.058
8.4745762711868,158.176
12.048192771084569,158.259
9.999999999997726,158.359
20.00000000000682,158.409
29.411764705864847,158.443
31.25000000001732,158.475
19.999999999995453,158.525
14.925373134326737,158.592
8.4745762711868,158.71
12.19512195122046,158.792
1.160092807424601,161.378
58.823529411729695,161.412
121.21212121216881,161.445
60.60606060603221,161.478
60.606060606084405,161.511
58.823529411778864,161.545
14.925373134326737,161.612
19.999999999995453,161.662
29.411764705889432,161.696
62.49999999997913,161.728
29.411764705889432,161.762
30.303030303042203,161.795
67.75963568178005,161.828
29.411764705889432,161.862
30.303030303016104,161.895
63.88765650000022,161.93
60.606060606084405,161.963
60.60606060603221,161.996
42.854956435565164,162.029
42.85495643552826,162.062
30.303030303042203,162.095
40.406101782092364,162.13
31.249999999989566,162.162
28.571428571431355,162.197
31.249999999989566,162.229
29.411764705889432,162.263
42.854956435565164,162.296
29.411764705864847,162.33
62.50000000003464,162.362
57.14285714286271,162.397
121.21212121206442,162.43
109.25912955955773,162.463
65.7667052205429,162.497
95.8265957627158,162.53
42.854956435565164,162.563
60.60606060603221,162.596
29.411764705889432,162.63
60.60606060603221,162.663
106.04562574896639,162.697
109.25912955955773,162.73
106.04562574887775,162.764
98.82117688031661,162.796
65.7667052205429,162.83
85.70991287113033,162.863
28.28427124745547,162.913
29.411764705889432,162.947
42.854956435565164,162.98
41.59451654036039,163.014
65.76670522059788,163.048
42.854956435565164,163.081
95.82659576263326,163.114
60.606060606084405,163.147
67.75963568178005,163.18
41.59451654039516,163.214
58.823529411778864,163.248
44.194173824144464,163.28
41.59451654039516,163.314
30.303030303016104,163.347
30.303030303042203,163.38
29.411764705889432,163.414
42.85495643552826,163.447
85.70991287113033,163.48
42.85495643552826,163.513
90.35079029053392,163.548
69.8771242968451,163.58
58.823529411778864,163.614
42.854956435565164,163.647
30.303030303016104,163.68
28.284271247471548,163.73
8.474576271184759,163.848
30.303030303042203,163.881
19.999999999995453,163.931
29.411764705889432,163.965
62.49999999997913,163.997
29.411764705889432,164.031
30.303030303042203,164.064
30.303030303016104,164.097
9.803921568627079,164.199
20.408163265315213,164.248
59.99999999998636,164.298
65.76670522059788,164.332
90.90909090904832,164.365
90.90909090912662,164.398
93.00816647556296,164.432
90.90909090904832,164.465
30.303030303042203,164.498
60.60606060603221,164.531
58.823529411778864,164.565
83.18903308079032,164.599
88.23529411759455,164.633
44.194173824183714,164.665
65.7667052205429,164.699
67.75963568183842,164.732
29.411764705889432,164.766
88.38834764828893,164.798
29.411764705889432,164.832
67.75963568178005,164.865
42.854956435565164,164.898
41.59451654039516,164.932
41.59451654036039,164.966
60.606060606084405,164.999
42.85495643552826,165.032
58.823529411778864,165.066
31.249999999989566,165.098
65.76670522059788,165.132
58.823529411778864,165.166
44.194173824144464,165.198
57.14285714286271,165.233
30.303030303042203,165.266
42.85495643552826,165.299
41.59451654039516,165.333
60.60606060603221,165.366
95.8265957627158,165.399
88.2352941176683,165.433
67.75963568178005,165.466
58.823529411778864,165.5
98.82117688022885,165.532
58.823529411778864,165.566
65.76670522059788,165.6
67.75963568178005,165.633
106.04562574896639,165.667
128.5648693066955,165.7
69.8771242968451,165.732
65.76670522059788,165.766
58.823529411729695,165.8
69.87712429690716,165.832
41.59451654036039,165.866
65.76670522059788,165.9
85.70991287113033,165.933
65.7667052205429,165.967
60.606060606084405,166.0
67.75963568183842,166.033
58.823529411729695,166.067
42.854956435565164,166.1
58.823529411778864,166.134
67.75963568178005,166.167
67.75963568183842,166.2
95.82659576263326,166.233
65.76670522059788,166.267
60.60606060603221,166.3
41.59451654039516,166.334
62.49999999997913,166.366
28.284271247471548,166.416
28.571428571431355,166.451
30.303030303016104,166.484
30.303030303042203,166.517
30.303030303016104,166.55
9.90099009900999,166.651
6.666666666667677,166.801
0.48867893793777406,172.94
88.2352941176683,172.974
90.90909090904832,173.007
60.606060606084405,173.04
60.60606060603221,173.073
58.823529411778864,173.107
60.606060606084405,173.14
58.823529411729695,173.174
60.606060606084405,173.207
60.60606060603221,173.24
30.303030303042203,173.273
58.823529411778864,173.307
109.25912955946364,173.34
83.18903308079032,173.374
93.00816647556296,173.408
69.8771242968451,173.44
65.76670522059788,173.474
67.75963568178005,173.507
95.8265957627158,173.54
63.88765650000022,173.575
44.194173824144464,173.607
29.411764705889432,173.641
30.303030303016104,173.674
42.854956435565164,173.707
60.60606060603221,173.74
29.411764705889432,173.774
117.64705882355773,173.808
121.21212121206442,173.841
60.606060606084405,173.874
83.18903308079032,173.908
151.51515151508053,173.941
242.42424242433762,173.974
147.05882352932423,174.008
121.21212121216881,174.041
30.303030303016104,174.074
29.411764705889432,174.108
7.83289817232356,174.491
147.05882352944718,174.525
90.90909090912662,174.558
88.23529411759455,174.592
90.90909090912662,174.625
60.606060606084405,174.658
29.411764705864847,174.692
30.303030303042203,174.725
30.303030303016104,174.758
29.411764705889432,174.792
60.606060606084405,174.825
60.60606060603221,174.858
58.823529411778864,174.892
60.60606060603221,174.925
41.59451654039516,174.959
30.303030303042203,174.992
60.60606060603221,175.025
28.571428571431355,175.06
30.303030303042203,175.093
88.38834764828893,175.125
41.59451654039516,175.159
85.70991287105652,175.192
41.59451654039516,175.226
42.854956435565164,175.259
42.85495643552826,175.292
41.59451654039516,175.326
15.151515151514577,175.392
85.71428571429406,175.427
15.151515151514577,175.493
10.000000000000568,175.593
19.999999999995453,175.643
19.999999999995453,175.693
30.303030303042203,175.726
17.964071856287255,175.893
90.90909090912662,175.926
147.05882352932423,175.96
90.90909090912662,175.993
121.21212121206442,176.026
85.71428571429406,176.061
60.606060606084405,176.094
60.60606060603221,176.127
60.606060606084405,176.16
60.60606060603221,176.193
29.411764705889432,176.227
60.606060606084405,176.26
30.303030303016104,176.293
30.303030303042203,176.326
65.7667052205429,176.36
20.00000000000682,176.41
67.75963568178005,176.443
93.00816647556296,176.477
29.411764705889432,176.511
67.75963568178005,176.544
67.75963568183842,176.577
41.59451654039516,176.611
30.303030303016104,176.644
28.284271247471548,176.694
9.999999999997726,176.794
4.2735042735046305,177.028
20.408163265303376,177.077
62.00544431704197,177.128
90.90909090904832,177.161
121.26781251819568,177.195
62.49999999997913,177.227
58.823529411778864,177.261
65.76670522059788,177.295
62.49999999997913,177.327
58.823529411778864,177.361
29.411764705864847,177.395
60.606060606084405,177.428
60.60606060603221,177.461
60.606060606084405,177.494
88.2352941176683,177.528
90.90909090904832,177.561
58.823529411778864,177.595
60.606060606084405,177.628
95.82659576263326,177.661
93.00816647556296,177.695
95.82659576263326,177.728
67.75963568183842,177.761
93.00816647556296,177.795
65.7667052205429,177.829
93.75000000005195,177.861
65.7667052205429,177.895
67.75963568183842,177.928
60.60606060603221,177.961
65.76670522059788,177.995
42.854956435565164,178.028
19.999999999995453,178.078
29.411764705889432,178.112
30.303030303016104,178.145
30.303030303042203,178.178
28.571428571431355,178.213
31.249999999989566,178.245
20.00000000000682,178.295
30.303030303016104,178.328
29.411764705889432,178.362
14.925373134326737,178.429
11.904761904761454,178.513
121.21212121216881,178.546
88.23529411759455,178.58
31.25000000001732,178.612
29.411764705889432,178.646
30.303030303016104,178.679
29.411764705889432,178.713
30.303030303016104,178.746
29.411764705889432,178.78
42.854956435565164,178.813
30.303030303016104,178.846
42.854956435565164,178.879
42.85495643552826,178.912
65.76670522059788,178.946
65.76670522059788,178.98
42.85495643552826,179.013
67.75963568183842,179.046
41.59451654036039,179.08
42.854956435565164,179.113
30.303030303042203,179.146
41.59451654036039,179.18
21.427478217773356,179.246
20.00000000000682,179.296
29.411764705864847,179.33
20.00000000000682,179.38
10.443864229764747,179.763
147.05882352944718,179.797
181.81818181809663,179.83
60.606060606084405,179.863
88.2352941176683,179.897
60.60606060603221,179.93
29.411764705889432,179.964
20.408163265303376,180.013
11.764705882351839,180.098
0.405186385737441,182.566
29.411764705889432,182.6
15.151515151514577,182.666
4,182.916
19.607843137248697,182.967
30.303030303042203,183.0
60.606060606084405,183.033
30.303030303016104,183.066
19.60784313725962,183.117
19.999999999995453,183.167
5.000000000000047,183.767
117.64705882355773,183.801
90.90909090904832,183.834
121.21212121216881,183.867
58.823529411729695,183.901
29.411764705889432,183.935
19.999999999995453,183.985
20.408163265315213,184.034
29.411764705864847,184.068
30.303030303042203,184.101
19.999999999995453,184.151
30.303030303042203,184.184
41.59451654039516,184.218
60.60606060603221,184.251
29.411764705889432,184.285
42.85495643552826,184.318
28.284271247471548,184.368
30.303030303016104,184.401
30.303030303042203,184.434
29.411764705889432,184.468
60.60606060603221,184.501
58.823529411778864,184.535
30.303030303016104,184.568
29.411764705889432,184.602
20.408163265303376,184.651
11.904761904761454,184.735
121.21212121216881,184.768
58.823529411778864,184.802
65.7667052205429,184.836
44.194173824183714,184.868
41.59451654039516,184.902
121.21212121206442,184.935
121.21212121216881,184.968
106.04562574887775,185.002
60.606060606084405,185.035
60.60606060603221,185.068
29.411764705889432,185.102
30.303030303042203,185.135
19.999999999995453,185.185
14.925373134326737,185.252
19.60784313725962,185.303
98.82117688022885,185.335
93.00816647556296,185.369
95.8265957627158,185.402
65.7667052205429,185.436
67.75963568183842,185.469
67.75963568178005,185.502
41.59451654039516,185.536
41.59451654039516,185.57
44.194173824144464,185.602
65.76670522059788,185.636
29.411764705889432,185.67
69.8771242968451,185.702
88.2352941176683,185.736
65.7667052205429,185.77
67.75963568183842,185.803
60.60606060603221,185.836
65.76670522059788,185.87
67.75963568183842,185.903
60.60606060603221,185.936
65.76670522059788,185.97
60.606060606084405,186.003
67.75963568178005,186.036
65.76670522059788,186.07
30.303030303016104,186.103
60.606060606084405,186.136
57.14285714286271,186.171
67.75963568178005,186.204
90.90909090912662,186.237
90.90909090904832,186.27
121.21212121216881,186.303
88.2352941176683,186.337
90.90909090904832,186.37
117.64705882355773,186.404
151.51515151508053,186.437
121.21212121216881,186.47
90.90909090912662,186.503
124.78354962108118,186.537
151.51515151521102,186.57
85.70991287105652,186.603
121.26781251819568,186.637
95.8265957627158,186.67
95.82659576263326,186.703
65.76670522059788,186.737
163.18681233733275,186.77
158.38720020987648,186.804
109.25912955955773,186.837
95.82659576263326,186.87
95.8265957627158,186.903
121.2678125180943,186.937
121.21212121216881,186.97
93.00816647556296,187.004
67.75963568178005,187.037
95.8265957627158,187.07
65.7667052205429,187.104
67.75963568183842,187.137
65.76670522059788,187.171
85.70991287105652,187.204
106.04562574896639,187.238
109.25912955955773,187.271
95.82659576263326,187.304
85.70991287113033,187.337
83.18903308072078,187.371
124.78354962118549,187.405
67.75963568183842,187.438
95.82659576263326,187.471
67.75963568183842,187.504
65.7667052205429,187.538
67.75963568183842,187.571
58.823529411778864,187.605
29.411764705864847,187.639
67.75963568183842,187.672
67.75963568178005,187.705
67.75963568183842,187.738
95.8265957627158,187.771
93.00816647548521,187.805
90.90909090912662,187.838
30.303030303016104,187.871
93.00816647556296,187.905
135.51927136367684,187.938
151.51515151508053,187.971
117.64705882355773,188.005
60.60606060603221,188.038
60.606060606084405,188.071
58.823529411778864,188.105
60.60606060603221,188.138
58.823529411778864,188.172
30.303030303016104,188.205
30.303030303042203,188.238
30.303030303042203,188.271
6.622516556290932,188.422
44.776119402980214,188.489
154.51574283620567,188.522
88.23529411759455,188.556
124.94259471573575,188.589
90.90909090904832,188.622
58.823529411778864,188.656
42.854956435565164,188.689
42.85495643552826,188.722
29.411764705889432,188.756
41.59451654039516,188.79
60.60606060603221,188.823
67.75963568183842,188.856
29.411764705889432,188.89
31.249999999989566,188.922
41.59451654039516,188.956
29.411764705864847,188.99
31.25000000001732,189.022
19.607843137248697,189.073
20.00000000000682,189.123
14.925373134326737,189.19
28.28427124745547,189.24
30.303030303042203,189.273
60.60606060603221,189.306
58.823529411778864,189.34
60.606060606084405,189.373
30.303030303016104,189.406
29.411764705889432,189.44
19.999999999995453,189.49
90.90909090912662,189.523
121.21212121206442,189.556
93.00816647556296,189.59
90.90909090912662,189.623
29.411764705864847,189.657
67.75963568183842,189.69
67.75963568178005,189.723
65.76670522059788,189.757
67.75963568183842,189.79
30.303030303016104,189.823
65.76670522059788,189.857
42.854956435565164,189.89
30.303030303016104,189.923
58.823529411778864,189.957
67.75963568178005,189.99
154.51574283620567,190.023
29.411764705889432,190.057
30.303030303016104,190.09
60.606060606084405,190.123
29.411764705864847,190.157
29.411764705889432,190.191
30.303030303042203,190.224
30.303030303016104,190.257
30.303030303042203,190.29
29.411764705864847,190.324
30.303030303042203,190.357
29.411764705889432,190.391
30.303030303016104,190.424
1.9323671497584605,191.459
181.81818181825324,191.492
212.12121212111273,191.525
191.6531915254316,191.558
147.05882352932423,191.592
151.51515151521102,191.625
88.2352941176683,191.659
60.60606060603221,191.692
60.606060606084405,191.725
58.823529411778864,191.759
30.303030303016104,191.792
29.411764705889432,191.826
29.411764705864847,191.86
31.25000000001732,191.892
29.411764705889432,191.926
30.303030303016104,191.959
30.303030303042203,191.992
19.607843137248697,192.043
30.303030303042203,192.076
15.151515151514577,192.142
14.70588235293857,192.21
12.048192771084569,192.293
29.411764705889432,192.327
19.999999999995453,192.377
30.303030303042203,192.41
30.303030303016104,192.443
30.303030303042203,192.476
29.411764705889432,192.51
20.408163265303376,192.559
14.70588235293857,192.627
14.92537313433307,192.694
31.249999999989566,192.726
19.230769230772005,192.778
31.249999999989566,192.81
30.303030303042203,192.843
29.411764705864847,192.877
30.303030303042203,192.91
60.60606060603221,192.943
29.411764705889432,192.977
30.303030303042203,193.01
121.21212121206442,193.043
205.88235294122603,193.077
184.32613728167786,193.11
151.51515151521102,193.143
88.2352941176683,193.177
151.51515151508053,193.21
117.64705882355773,193.244
121.21212121216881,193.277
90.90909090904832,193.31
60.606060606084405,193.343
58.823529411729695,193.377
29.411764705889432,193.411
30.303030303042203,193.444
30.303030303016104,193.477
19.60784313725962,193.528
30.303030303016104,193.561
85.70991287113033,193.594
60.60606060603221,193.627
29.411764705889432,193.661
60.606060606084405,193.694
30.303030303016104,193.727
30.303030303042203,193.76
28.571428571431355,193.795
15.384615384609196,193.86
205.88235294122603,193.894
117.64705882355773,193.928
124.94259471562815,193.961
121.21212121216881,193.994
88.2352941176683,194.028
121.21212121206442,194.061
67.75963568183842,194.094
58.823529411778864,194.128
58.823529411729695,194.162
30.303030303042203,194.195
67.75963568178005,194.228
30.303030303042203,194.261
41.59451654039516,194.295
67.75963568178005,194.328
30.303030303042203,194.361
29.411764705864847,194.395
30.303030303042203,194.428
30.303030303016104,194.461
29.411764705889432,194.495
30.303030303042203,194.528
30.303030303016104,194.561
29.411764705889432,194.595
19.999999999995453,194.645
7.518796992482257,194.778
17.964071856287255,194.945
147.05882352932423,194.979
121.21212121216881,195.012
181.81818181825324,195.045
181.81818181809663,195.078
88.2352941176683,195.112
88.2352941176683,195.146
62.49999999997913,195.178
65.76670522059788,195.212
29.411764705864847,195.246
30.303030303042203,195.279
30.303030303016104,195.312
29.411764705889432,195.346
30.303030303042203,195.379
30.303030303016104,195.412
58.823529411778864,195.446
60.60606060603221,195.479
29.411764705889432,195.513
30.303030303042203,195.546
19.999999999995453,195.596
7.462686567164951,195.73
59.99999999998636,195.78
151.51515151521102,195.813
121.21212121206442,195.846
93.00816647556296,195.88
60.60606060603221,195.913
60.606060606084405,195.946
88.2352941176683,195.98
90.90909090904832,196.013
42.854956435565164,196.046
65.7667052205429,196.08
67.75963568183842,196.113
90.90909090912662,196.146
124.78354962108118,196.18
85.70991287113033,196.213
65.7667052205429,196.247
67.75963568183842,196.28
67.75963568183842,196.313
65.7667052205429,196.347
42.854956435565164,196.38
42.85495643552826,196.413
65.76670522059788,196.447
42.854956435565164,196.48
65.7667052205429,196.514
95.8265957627158,196.547
60.60606060603221,196.58
60.606060606084405,196.613
88.2352941176683,196.647
60.60606060603221,196.68
30.303030303042203,196.713
88.23529411759455,196.747
29.411764705889432,196.781
30.303030303042203,196.814
30.303030303016104,196.847
20.00000000000682,196.897
19.999999999995453,196.947
11.904761904761454,197.031
2.070393374741183,197.514
4.2735042735046305,197.748
4.608294930875301,197.965
2.5974025974026587,198.35
61.22448979591013,198.399
181.81818181825324,198.432
294.11764705864846,198.466
190.0863290719247,198.498
147.05882352932423,198.532
151.51515151521102,198.565
65.76670522059788,198.599
67.75963568178005,198.632
30.303030303042203,198.665
30.303030303016104,198.698
40.406101782092364,198.733
10.101010101011168,198.832
14.70588235293857,198.9
62.50000000003464,198.932
58.823529411729695,198.966
58.823529411778864,199.0
67.75963568183842,199.033
60.60606060603221,199.066
93.00816647556296,199.1
42.85495643552826,199.133
42.854956435565164,199.166
65.76670522059788,199.2
42.85495643552826,199.233
30.303030303042203,199.266
41.59451654036039,199.3
30.303030303042203,199.333
29.411764705889432,199.367
42.85495643552826,199.4
60.606060606084405,199.433
30.303030303016104,199.466
58.823529411778864,199.5
30.303030303042203,199.533
60.60606060603221,199.566
29.411764705889432,199.6
30.303030303016104,199.633
158.38720020987648,199.667
135.51927136367684,199.7
85.70991287105652,199.733
93.00816647556296,199.767
42.85495643552826,199.8
42.854956435565164,199.833
42.85495643552826,199.866
29.411764705889432,199.9
41.59451654039516,199.934
29.411764705889432,199.968
69.8771242968451,200.0
30.303030303042203,200.033
58.823529411729695,200.067
60.606060606084405,200.1
60.60606060603221,200.133
88.2352941176683,200.167
30.303030303042203,200.2
90.90909090904832,200.233
58.823529411778864,200.267
90.90909090904832,200.3
88.2352941176683,200.334
90.90909090912662,200.367
90.90909090904832,200.4
58.823529411778864,200.434
30.303030303016104,200.467
60.606060606084405,200.5
58.823529411778864,200.534
60.60606060603221,200.567
58.823529411778864,200.601
60.606060606084405,200.634
58.823529411729695,200.668
60.606060606084405,200.701
60.60606060603221,200.734
60.606060606084405,200.767
58.823529411778864,200.801
117.64705882345939,200.835
93.75000000005195,200.867
117.64705882345939,200.901
90.90909090912662,200.934
58.823529411778864,200.968
90.90909090904832,201.001
171.49858514255013,201.035
151.51515151508053,201.068
109.25912955955773,201.101
65.76670522059788,201.135
95.82659576263326,201.168
67.75963568183842,201.201
93.00816647548521,201.235
67.75963568183842,201.268
93.00816647556296,201.302
95.82659576263326,201.335
109.25912955955773,201.368
65.76670522059788,201.402
42.85495643552826,201.435
60.606060606084405,201.468
65.7667052205429,201.502
90.90909090912662,201.535
29.411764705889432,201.569
67.75963568178005,201.602
67.75963568183842,201.635
30.303030303016104,201.668
41.59451654039516,201.702
30.303030303016104,201.735
67.75963568183842,201.768
65.76670522059788,201.802
30.303030303016104,201.835
41.59451654039516,201.869
28.86150127291642,201.918
29.411764705889432,201.952
58.823529411778864,201.986
90.90909090904832,202.019
95.8265957627158,202.052
88.23529411759455,202.086
42.854956435565164,202.119
95.8265957627158,202.152
29.411764705864847,202.186
20.408163265303376,202.235
29.411764705889432,202.269
30.303030303042203,202.302
29.411764705864847,202.336
60.606060606084405,202.369
60.606060606084405,202.402
29.411764705864847,202.436
30.303030303042203,202.469
60.60606060603221,202.502
176.4705882353366,202.536
121.26781251819568,202.57
67.75963568178005,202.603
30.303030303042203,202.636
29.411764705889432,202.67
30.303030303016104,202.703
42.854956435565164,202.736
14.925373134326737,202.803
21.107665110043904,202.87
30.303030303042203,202.903
90.90909090904832,202.936
65.76670522059788,202.97
67.75963568183842,203.003
65.7667052205429,203.037
42.854956435565164,203.07
109.25912955946364,203.103
93.00816647556296,203.137
158.38720020987648,203.171
93.7499999999687,203.203
93.00816647556296,203.237
67.75963568178005,203.27
93.00816647556296,203.304
135.51927136367684,203.337
30.303030303016104,203.37
29.411764705889432,203.404
60.60606060603221,203.437
30.303030303042203,203.47
58.823529411778864,203.504
30.303030303016104,203.537
60.606060606084405,203.57
29.411764705864847,203.604
30.303030303042203,203.637
58.823529411778864,203.671
30.303030303016104,203.704
135.51927136367684,203.737
65.76670522059788,203.771
154.5157428360726,203.804
95.8265957627158,203.837
149.9711621644044,203.871
58.823529411778864,203.905
95.8265957627158,203.938
67.75963568178005,203.971
67.75963568183842,204.004
58.823529411729695,204.038
67.75963568183842,204.071
109.25912955946364,204.104
42.854956435565164,204.137
80.81220356418473,204.172
67.75963568178005,204.205
42.854956435565164,204.238
85.70991287113033,204.271
42.85495643552826,204.304
65.76670522059788,204.338
67.75963568178005,204.371
30.303030303042203,204.404
29.411764705889432,204.438
30.303030303016104,204.471
30.303030303042203,204.504
19.607843137248697,204.555
20.00000000000682,204.605
19.999999999995453,204.655
19.999999999995453,204.705
30.303030303042203,204.738
58.823529411778864,204.772
42.85495643552826,204.805
95.8265957627158,204.838
117.64705882345939,204.872
93.00816647556296,204.906
187.5000000001039,204.938
121.2678125180943,204.972
151.51515151521102,205.005
93.00816647556296,205.039
90.90909090904832,205.072
95.8265957627158,205.105
95.82659576263326,205.138
93.00816647556296,205.172
121.21212121206442,205.205
95.8265957627158,205.238
106.04562574896639,205.272
29.411764705864847,205.306
42.854956435565164,205.339
42.85495643552826,205.372
29.411764705889432,205.406
58.823529411778864,205.44
30.303030303016104,205.473
60.606060606084405,205.506
60.606060606084405,205.539
29.411764705864847,205.573
30.303030303042203,205.606
67.75963568178005,205.639
19.60784313725962,205.69
62.49999999997913,205.722
29.411764705889432,205.756
15.151515151514577,205.822
29.411764705889432,205.856
30.303030303016104,205.889
29.411764705889432,205.923
30.303030303042203,205.956
29.411764705864847,205.99
30.303030303042203,206.023
30.303030303016104,206.056
29.411764705889432,206.09
20.00000000000682,206.14
9.999999999997726,206.24
60.606060606084405,206.273
88.2352941176683,206.307
176.4705882351891,206.341
156.2500000000866,206.373
117.64705882345939,206.407
151.51515151521102,206.44
60.60606060603221,206.473
58.823529411778864,206.507
60.606060606084405,206.54
29.411764705864847,206.574
30.303030303042203,206.607
30.303030303042203,206.64
11.904761904761454,206.724
33.33333333333207,206.874
184.32613728167786,206.907
212.12121212129543,206.94
117.64705882355773,206.974
151.51515151508053,207.007
95.8265957627158,207.04
117.64705882345939,207.074
60.606060606084405,207.107
58.823529411778864,207.141
42.85495643552826,207.174
29.411764705889432,207.208
30.303030303016104,207.241
5.464480874317157,207.424
90.90909090912662,207.457
88.23529411759455,207.491
88.2352941176683,207.525
62.50000000003464,207.557
29.411764705864847,207.591
30.303030303042203,207.624
29.411764705889432,207.658
12.048192771080442,207.741
1.0152284263959543,208.726
30.303030303042203,208.759
30.303030303016104,208.792
58.823529411778864,208.826
90.90909090904832,208.859
58.823529411778864,208.893
30.303030303042203,208.926
30.303030303016104,208.959
1.275510204081646,209.743
3.5971223021582595,210.577
88.2352941176683,210.611
181.81818181809663,210.644
121.21212121216881,210.677
114.28571428572542,210.712
60.60606060603221,210.745
90.90909090912662,210.778
90.90909090904832,210.811
58.823529411778864,210.845
62.49999999997913,210.877
58.823529411778864,210.911
60.606060606084405,210.944
58.823529411729695,210.978
60.606060606084405,211.011
93.00816647556296,211.045
60.60606060603221,211.078
121.21212121216881,211.111
117.64705882345939,211.145
117.64705882355773,211.179
124.99999999995826,211.211
117.64705882355773,211.245
60.606060606084405,211.278
65.7667052205429,211.312
29.411764705889432,211.346
62.50000000003464,211.378
41.59451654036039,211.412
60.606060606084405,211.445
67.75963568178005,211.478
42.854956435565164,211.511
106.04562574896639,211.545
109.25912955946364,211.578
83.18903308079032,211.612
93.00816647556296,211.646
109.25912955946364,211.679
83.18903308079032,211.713
62.49999999997913,211.745
58.823529411778864,211.779
30.303030303016104,211.812
19.60784313725962,211.863
10.101010101011168,211.962
25.423728813554277,212.08
90.90909090912662,212.113
90.90909090912662,212.146
58.823529411729695,212.18
62.50000000003464,212.212
58.823529411729695,212.246
58.823529411778864,212.28
60.606060606084405,212.313
60.60606060603221,212.346
58.823529411778864,212.38
93.7499999999687,212.412
88.2352941176683,212.446
88.2352941176683,212.48
93.7499999999687,212.512
65.76670522059788,212.546
58.823529411729695,212.58
90.90909090912662,212.613
58.823529411778864,212.647
42.85495643552826,212.68
29.411764705889432,212.714
19.999999999995453,212.764
31.25000000001732,212.796
29.411764705864847,212.83
88.2352941176683,212.864
67.75963568183842,212.897
117.64705882345939,212.931
124.94259471573575,212.964
95.82659576263326,212.997
117.64705882355773,213.031
69.87712429690716,213.063
67.75963568178005,213.096
65.76670522059788,213.13
30.303030303016104,213.163
41.59451654039516,213.197
19.999999999995453,213.247
30.303030303042203,213.28
11.904761904761454,213.364
29.411764705889432,213.398
1.8181818181817806,213.948
8.547008547009261,214.065
19.999999999995453,214.115
20.00000000000682,214.165
29.411764705864847,214.199
15.151515151521101,214.265
30.303030303016104,214.298
19.999999999995453,214.348
14.92537313433307,214.415
8.547008547007184,214.532
7.518796992482257,214.665
12.048192771084569,214.748
19.607843137248697,214.799
20.00000000000682,214.849
8.620689655171383,214.965
0.4249893752656168,217.318
30.303030303042203,217.351
7.518796992480651,217.484
6.622516556292179,217.635
2.222222222222138,218.085
31.62277660168559,218.185
121.21212121216881,218.218
93.00816647548521,218.252
88.2352941176683,218.286
69.8771242968451,218.318
58.823529411778864,218.352
42.854956435565164,218.385
29.411764705864847,218.419
30.303030303042203,218.452
29.411764705889432,218.486
44.194173824144464,218.518
9.803921568627079,218.62
42.854956435565164,218.653
30.303030303016104,218.686
90.90909090912662,218.719
90.90909090904832,218.752
93.00816647556296,218.786
29.411764705889432,218.82
90.90909090904832,218.853
67.75963568183842,218.886
58.823529411778864,218.92
58.823529411729695,218.954
31.25000000001732,218.986
83.18903308072078,219.02
98.82117688031661,219.052
158.38720020974407,219.086
83.18903308079032,219.12
109.25912955955773,219.153
65.7667052205429,219.187
41.59451654039516,219.221
45.61979233460727,219.252
29.411764705889432,219.286
29.411764705889432,219.32
67.75963568178005,219.353
29.411764705889432,219.387
30.303030303042203,219.42
60.60606060603221,219.453
57.14285714286271,219.488
31.249999999989566,219.52
106.04562574896639,219.554
65.76670522059788,219.588
95.82659576263326,219.621
121.21212121216881,219.654
95.82659576263326,219.687
90.90909090912662,219.72
67.75963568183842,219.753
83.18903308072078,219.787
147.05882352944715,219.821
159.34435979972133,219.853
80.81220356418473,219.888
69.87712429690716,219.92
67.75963568178005,219.953
27.729677693596773,220.004
20.408163265303376,220.053
8.4745762711868,220.171
6.711409395973114,220.32
28.571428571431355,220.355
30.303030303016104,220.388
30.303030303042203,220.421
41.59451654036039,220.455
20.00000000000682,220.505
30.303030303016104,220.538
60.606060606084405,220.571
93.00816647556296,220.605
60.60606060603221,220.638
30.303030303042203,220.671
41.59451654036039,220.705
15.151515151521101,220.771
29.411764705864847,220.805
30.303030303042203,220.838
30.303030303016104,220.871
30.303030303042203,220.904
29.411764705889432,220.938
42.85495643552826,220.971
41.59451654039516,221.005
67.75963568178005,221.038
67.75963568183842,221.071
58.823529411778864,221.105
67.75963568178005,221.138
67.75963568183842,221.171
29.411764705864847,221.205
30.303030303042203,221.238
30.303030303042203,221.271
41.59451654036039,221.305
20.00000000000682,221.355
19.999999999995453,221.405
19.60784313725962,221.456
93.7499999999687,221.488
114.28571428572542,221.523
93.7499999999687,221.555
85.71428571429406,221.59
93.7499999999687,221.622
58.823529411778864,221.656
93.00816647556296,221.69
93.7499999999687,221.722
93.00816647556296,221.756
60.606060606084405,221.789
30.303030303016104,221.822
60.606060606084405,221.855
30.303030303016104,221.888
29.411764705889432,221.922
30.303030303016104,221.955
28.571428571431355,221.99
31.25000000001732,222.022
29.411764705864847,222.056
58.823529411778864,222.09
30.303030303042203,222.123
62.49999999997913,222.155
57.14285714286271,222.19
95.82659576263326,222.223
60.606060606084405,222.256
65.76670522059788,222.29
67.75963568178005,222.323
42.854956435565164,222.356
93.00816647556296,222.39
42.85495643552826,222.423
30.303030303042203,222.456
41.59451654036039,222.49
85.70991287113033,222.523
42.85495643552826,222.556
93.00816647556296,222.59
60.606060606084405,222.623
67.75963568178005,222.656
63.88765650000022,222.691
69.8771242968451,222.723
60.606060606084405,222.756
93.00816647556296,222.79
90.90909090904832,222.823
60.606060606084405,222.856
88.2352941176683,222.89
30.303030303016104,222.923
63.88765650000022,222.958
62.49999999997913,222.99
60.606060606084405,223.023
30.303030303016104,223.056
58.823529411778864,223.09
30.303030303042203,223.123
29.411764705864847,223.157
60.606060606084405,223.19
60.60606060603221,223.223
29.411764705889432,223.257
30.303030303042203,223.29
58.823529411729695,223.324
20.00000000000682,223.374
10.101010101008269,223.473
4.2553191489364375,223.708
8.1967213114751,224.074
58.823529411778864,224.108
30.303030303042203,224.141
58.823529411729695,224.175
30.303030303042203,224.208
30.303030303016104,224.241
30.303030303042203,224.274
57.14285714286271,224.309
62.49999999997913,224.341
88.2352941176683,224.375
60.606060606084405,224.408
60.60606060603221,224.441
58.823529411778864,224.475
30.303030303016104,224.508
29.411764705889432,224.542
60.606060606084405,224.575
30.303030303016104,224.608
60.606060606084405,224.641
21.739130434782904,224.825
30.303030303016104,224.858
30.303030303042203,224.891
27.19641466101012,224.943
93.75000000005195,224.975
30.303030303016104,225.008
40.406101782092364,225.043
21.107665110043904,225.11
20.83333333334488,225.158
29.411764705864847,225.192
8.547008547009261,225.309
42.85495643552826,225.342
29.411764705889432,225.376
10.000000000000568,225.476
10.101010101011168,225.575
5.952380952380727,225.743
10.869565217391452,225.927
93.7499999999687,225.959
147.05882352944718,225.993
90.90909090904832,226.026
117.64705882355773,226.06
90.90909090912662,226.093
29.411764705864847,226.127
60.606060606084405,226.16
60.60606060603221,226.193
58.823529411778864,226.227
60.606060606084405,226.26
30.303030303016104,226.293
88.2352941176683,226.327
30.303030303016104,226.36
30.303030303042203,226.393
29.411764705889432,226.427
19.607843137248697,226.478
93.75000000005195,226.51
29.411764705864847,226.544
20.00000000000682,226.594
15.151515151514577,226.66
8.4745762711868,226.778
62.49999999997913,226.81
29.411764705889432,226.844
90.90909090904832,226.877
41.59451654039516,226.911
31.249999999989566,226.943
58.823529411778864,226.977
29.411764705889432,227.011
30.303030303016104,227.044
30.303030303042203,227.077
42.85495643552826,227.11
29.411764705889432,227.144
30.303030303042203,227.177
30.303030303016104,227.21
14.92537313433307,227.277
9.90099009900999,227.378
11.904761904761454,227.462
20.408163265303376,227.511
29.411764705889432,227.545
117.64705882345939,227.579
159.34435979986284,227.611
117.64705882345939,227.645
149.97116216452977,227.679
93.7499999999687,227.711
88.2352941176683,227.745
30.303030303042203,227.778
29.411764705864847,227.812
20.408163265315213,227.861
29.411764705864847,227.895
30.303030303042203,227.928
4,228.178
14.70588235293857,228.246
15.151515151514577,228.312
12.048192771084569,228.395
14.92537313433307,228.462
19.999999999995453,228.512
29.411764705889432,228.546
19.999999999995453,228.596
31.25000000001732,228.628
29.411764705864847,228.662
28.571428571431355,228.697
30.303030303042203,228.73
31.249999999989566,228.762
58.823529411778864,228.796
29.411764705864847,228.83
31.25000000001732,228.862
11.952191235059534,229.113
212.12121212129543,229.146
205.88235294105394,229.18
125.00000000006928,229.212
58.823529411729695,229.246
29.411764705889432,229.28
19.999999999995453,229.33
10.000000000000568,229.43
30.303030303042203,229.463
59.99999999998636,229.513
30.303030303042203,229.546
29.411764705864847,229.58
60.606060606084405,229.613
30.303030303042203,229.646
58.823529411729695,229.68
20.00000000000682,229.73
19.999999999995453,229.78
33.37414891790368,229.847
30.303030303042203,229.88
19.999999999995453,229.93
65.76670522059788,229.964
147.05882352944718,229.998
272.72727272714496,230.031
156.2500000000866,230.063
88.23529411759455,230.097
30.303030303042203,230.13
60.60606060603221,230.163
28.284271247471548,230.213
65.7667052205429,230.247
90.90909090912662,230.28
29.411764705889432,230.314
41.59451654036039,230.348
31.25000000001732,230.38
29.411764705889432,230.414
60.60606060603221,230.447
29.411764705889432,230.481
30.303030303016104,230.514
30.303030303042203,230.547
14.925373134326737,230.614
30.303030303042203,230.647
29.411764705864847,230.681
30.303030303042203,230.714
28.571428571431355,230.749
15.151515151514577,230.815
59.99999999998636,230.865
67.75963568183842,230.898
121.21212121206442,230.931
95.8265957627158,230.964
88.2352941176683,230.998
65.7667052205429,231.032
42.854956435565164,231.065
67.75963568178005,231.098
30.303030303042203,231.131
65.76670522059788,231.165
30.303030303016104,231.198
67.75963568183842,231.231
106.04562574896639,231.265
244.31084085741733,231.298
58.823529411778864,231.332
30.303030303016104,231.365
60.606060606084405,231.398
29.411764705889432,231.432
60.60606060603221,231.465
60.606060606084405,231.498
30.303030303016104,231.531
58.823529411778864,231.565
60.60606060603221,231.598
29.411764705889432,231.632
30.303030303042203,231.665
19.999999999995453,231.715
30.303030303042203,231.748
29.411764705864847,231.782
19.60784313725962,231.833
31.249999999989566,231.865
30.303030303042203,231.898
14.70588235293857,231.966
15.151515151514577,232.032
12.048192771084569,232.115
14.705882352944716,232.183
15.151515151514577,232.249
30.303030303016104,232.282
29.411764705889432,232.316
30.303030303042203,232.349
58.823529411729695,232.383
30.303030303042203,232.416
29.411764705889432,232.45
30.303030303016104,232.483
30.303030303042203,232.516
30.303030303016104,232.549
58.823529411778864,232.583
19.999999999995453,232.633
30.303030303042203,232.666
30.303030303016104,232.699
58.823529411778864,232.733
60.606060606084405,232.766
58.823529411729695,232.8
60.606060606084405,232.833
60.60606060603221,232.866
29.411764705889432,232.9
30.303030303042203,232.933
58.823529411729695,232.967
30.303030303042203,233.0
30.303030303042203,233.033
30.303030303016104,233.066
29.411764705889432,233.1
30.303030303016104,233.133
30.303030303042203,233.166
29.411764705889432,233.2
121.21212121206442,233.233
4.757373929590921,234.284
151.51515151508053,234.317
88.2352941176683,234.351
58.823529411778864,234.385
30.303030303016104,234.418
30.303030303042203,234.451
14.925373134326737,234.518
6.651884700665286,234.969
30.303030303016104,235.002
60.606060606084405,235.035
60.60606060603221,235.068
88.2352941176683,235.102
60.606060606084405,235.135
30.303030303016104,235.168
29.411764705889432,235.202
14.925373134326737,235.269
5.464480874317157,235.452
12.048192771084569,235.535
11.764705882351839,235.62
7.518796992482257,235.753
14.925373134326737,235.82
30.303030303016104,235.853
12.048192771084569,235.936
14.705882352944716,236.004
15.151515151514577,236.07
19.999999999995453,236.12
15.151515151514577,236.186
9.90099009900999,236.287
3.211991434689516,237.221
242.42424242433762,237.254
181.81818181809663,237.287
117.64705882355773,237.321
176.4705882353366,237.355
60.60606060603221,237.388
60.606060606084405,237.421
30.303030303016104,237.454
4.2735042735046305,237.688
19.999999999995453,237.738
60.606060606084405,237.771
29.411764705864847,237.805
30.303030303042203,237.838
109.25912955946364,237.871
65.76670522059788,237.905
42.854956435565164,237.938
67.75963568178005,237.971
40.406101782092364,238.006
62.49999999997913,238.038
65.76670522059788,238.072
67.75963568183842,238.105
83.18903308072078,238.139
42.854956435565164,238.172
42.85495643552826,238.205
30.303030303042203,238.238
41.59451654039516,238.272
29.411764705864847,238.306
31.25000000001732,238.338
41.59451654036039,238.372
67.75963568183842,238.405
58.823529411778864,238.439
42.85495643552826,238.472
90.90909090912662,238.505
29.411764705889432,238.539
42.85495643552826,238.572
58.823529411778864,238.606
42.85495643552826,238.639
42.854956435565164,238.672
19.230769230772005,238.724
32.25806451612288,238.755
40.406101782092364,238.79
62.49999999997913,238.822
65.76670522059788,238.856
60.60606060603221,238.889
65.76670522059788,238.923
60.606060606084405,238.956
65.7667052205429,238.99
95.8265957627158,239.023
67.75963568178005,239.056
69.87712429690716,239.088
65.7667052205429,239.122
106.04562574896639,239.156
41.59451654039516,239.19
67.75963568178005,239.223
42.854956435565164,239.256
29.411764705889432,239.29
42.85495643552826,239.323
29.411764705889432,239.357
42.854956435565164,239.39
30.303030303016104,239.423
29.411764705889432,239.457
30.303030303016104,239.49
20.00000000000682,239.54
19.999999999995453,239.59
30.303030303042203,239.623
29.411764705864847,239.657
30.303030303042203,239.69
60.60606060603221,239.723
29.411764705889432,239.757
30.303030303042203,239.79
93.00816647548521,239.824
60.606060606084405,239.857
93.00816647556296,239.891
62.49999999997913,239.923
63.88765650000022,239.958
93.7499999999687,239.99
28.571428571431355,240.025
31.25000000001732,240.057
63.88765649994834,240.092
64.51612903230492,240.123
65.7667052205429,240.157
30.303030303042203,240.19
60.60606060603221,240.223
41.59451654039516,240.257
20.00000000000682,240.307
4.587155963302379,240.525
11.904761904761454,240.609
31.25000000001732,240.641
90.90909090904832,240.674
41.59451654039516,240.708
88.2352941176683,240.742
30.303030303016104,240.775
67.75963568183842,240.808
131.5334104410858,240.842
62.50000000003464,240.874
93.00816647556296,240.908
67.75963568178005,240.941
65.76670522059788,240.975
60.60606060603221,241.008
60.606060606084405,241.041
65.76670522059788,241.075
60.60606060603221,241.108
88.2352941176683,241.142
30.303030303016104,241.175
90.90909090912662,241.208
30.303030303016104,241.241
58.823529411778864,241.275
41.59451654039516,241.309
31.249999999989566,241.341
83.18903308079032,241.375
93.00816647556296,241.409
69.8771242968451,241.441
85.71428571429406,241.476
42.854956435565164,241.509
139.7542485936902,241.541
58.823529411778864,241.575
29.411764705864847,241.609
30.303030303042203,241.642
12.048192771084569,241.725
19.607843137248697,241.776
40.00000000001364,241.826
60.60606060603221,241.859
58.823529411778864,241.893
60.606060606084405,241.926
30.303030303016104,241.959
88.2352941176683,241.993
85.70991287105652,242.026
131.53341044119577,242.06
124.94259471573575,242.093
135.5192713635601,242.126
65.76670522059788,242.16
85.70991287105652,242.193
67.75963568183842,242.226
65.76670522059788,242.26
42.85495643552826,242.293
31.25000000001732,242.325
63.88765649994834,242.36
30.303030303042203,242.393
93.00816647556296,242.427
60.60606060603221,242.46
42.854956435565164,242.493
109.25912955946364,242.526
30.303030303042203,242.559
29.411764705889432,242.593
30.303030303016104,242.626
58.823529411778864,242.66
60.60606060603221,242.693
30.303030303042203,242.726
88.2352941176683,242.76
60.60606060603221,242.793
58.823529411778864,242.827
30.303030303016104,242.86
30.303030303042203,242.893
29.411764705889432,242.927
30.303030303016104,242.96
30.303030303042203,242.993
29.411764705889432,243.027
30.303030303016104,243.06
124.94259471573575,243.093
88.23529411759455,243.127
95.8265957627158,243.16
90.90909090904832,243.193
41.59451654039516,243.227
60.606060606084405,243.26
58.823529411729695,243.294
30.303030303042203,243.327
42.85495643552826,243.36
20.00000000000682,243.41
27.729677693581323,243.461
30.303030303042203,243.494
60.606060606084405,243.527
60.60606060603221,243.56
88.2352941176683,243.594
29.411764705889432,243.628
62.49999999997913,243.66
58.823529411778864,243.694
30.303030303016104,243.727
29.411764705889432,243.761
30.303030303016104,243.794
29.411764705889432,243.828
62.49999999997913,243.86
83.18903308079032,243.894
63.88765650000022,243.929
72.13122508062462,243.96
90.35079029053392,243.995
67.75963568183842,244.028
30.303030303016104,244.061
41.59451654039516,244.095
30.303030303042203,244.128
29.411764705864847,244.162
31.25000000001732,244.194
40.40610178205956,244.229
44.194173824183714,244.261
29.411764705889432,244.295
30.303030303016104,244.328
93.00816647556296,244.362
90.90909090904832,244.395
60.606060606084405,244.428
90.90909090904832,244.461
29.411764705889432,244.495
67.75963568183842,244.528
106.04562574887775,244.562
30.303030303042203,244.595
60.606060606084405,244.628
30.303030303016104,244.661
58.823529411778864,244.695
60.60606060603221,244.728
60.606060606084405,244.761
58.823529411778864,244.795
30.303030303016104,244.828
29.411764705889432,244.862
29.411764705889432,244.896
30.303030303016104,244.929
62.49999999997913,244.961
29.411764705889432,244.995
41.59451654039516,245.029
42.85495643552826,245.062
67.75963568183842,245.095
58.823529411778864,245.129
67.75963568178005,245.162
106.04562574896639,245.196
85.70991287105652,245.229
93.00816647556296,245.263
85.70991287113033,245.296
67.75963568178005,245.329
65.76670522059788,245.363
7.83289817232356,245.746
58.823529411778864,245.78
93.7499999999687,245.812
57.14285714286271,245.847
109.25912955955773,245.88
42.85495643552826,245.913
67.75963568183842,245.946
41.59451654039516,245.98
42.85495643552826,246.013
67.75963568183842,246.046
65.7667052205429,246.08
67.75963568183842,246.113
67.75963568183842,246.146
65.7667052205429,246.18
41.59451654039516,246.214
31.249999999989566,246.246
41.59451654039516,246.28
42.854956435565164,246.313
29.411764705864847,246.347
90.90909090912662,246.38
90.90909090904832,246.413
88.2352941176683,246.447
60.606060606084405,246.48
30.303030303016104,246.513
58.823529411778864,246.547
58.823529411778864,246.581
60.60606060603221,246.614
90.90909090912662,246.647
151.51515151508053,246.68
58.823529411778864,246.714
42.85495643552826,246.747
65.76670522059788,246.781
62.50000000003464,246.813
65.7667052205429,246.847
41.59451654039516,246.881
44.194173824144464,246.913
93.00816647556296,246.947
60.606060606084405,246.98
58.823529411729695,247.014
41.59451654039516,247.048
12.048192771084569,247.131
65.76670522059788,247.165
93.7499999999687,247.197
60.606060606084405,247.23
85.71428571429406,247.265
62.49999999997913,247.297
58.823529411778864,247.331
60.60606060603221,247.364
58.823529411778864,247.398
90.90909090904832,247.431
58.823529411778864,247.465
60.606060606084405,247.498
30.303030303016104,247.531
30.303030303042203,247.564
30.303030303016104,247.597
29.411764705889432,247.631
58.823529411778864,247.665
60.60606060603221,247.698
95.8265957627158,247.731
88.2352941176683,247.765
90.90909090904832,247.798
88.2352941176683,247.832
121.21212121206442,247.865
67.75963568183842,247.898
65.76670522059788,247.932
42.85495643552826,247.965
65.76670522059788,247.999
69.8771242968451,248.031
88.2352941176683,248.065
67.75963568178005,248.098
90.90909090912662,248.131
147.05882352944718,248.165
88.23529411759455,248.199
93.75000000005195,248.231
29.411764705889432,248.265
30.303030303016104,248.298
30.303030303042203,248.331
19.607843137248697,248.382
20.00000000000682,248.432
30.303030303016104,248.465
20.00000000000682,248.515
30.303030303016104,248.548
11.904761904761454,248.632
29.411764705889432,248.666
30.303030303016104,248.699
60.606060606084405,248.732
29.411764705889432,248.766
29.411764705864847,248.8
20.408163265315213,248.849
28.28427124745547,248.899
41.59451654039516,248.933
65.7667052205429,248.967
67.75963568183842,249.0
67.75963568183842,249.033
95.82659576263326,249.066
58.823529411778864,249.1
67.75963568178005,249.133
67.75963568183842,249.166
60.60606060603221,249.199
29.411764705889432,249.233
30.303030303042203,249.266
23.952095808383007,249.433
60.60606060603221,249.466
117.64705882355773,249.5
90.90909090912662,249.533
121.21212121206442,249.566
88.2352941176683,249.6
67.75963568178005,249.633
128.5648693066955,249.666
41.59451654039516,249.7
60.60606060603221,249.733
29.411764705889432,249.767
42.85495643552826,249.8
60.606060606084405,249.833
58.823529411778864,249.867
30.303030303016104,249.9
67.75963568183842,249.933
90.90909090904832,249.966
58.823529411778864,250.0
58.823529411778864,250.034
30.303030303016104,250.067
30.303030303042203,250.1
19.999999999995453,250.15
14.705882352944716,250.218
30.303030303016104,250.251
30.303030303042203,250.284
30.303030303016104,250.317
30.303030303042203,250.35
58.823529411778864,250.384
60.60606060603221,250.417
58.823529411778864,250.451
60.60606060603221,250.484
60.606060606084405,250.517
58.823529411778864,250.551
30.303030303016104,250.584
60.606060606084405,250.617
63.245553203353204,250.667
88.2352941176683,250.701
67.75963568178005,250.734
60.606060606084405,250.767
29.411764705889432,250.801
30.303030303016104,250.834
60.606060606084405,250.867
29.411764705864847,250.901
90.90909090912662,250.934
88.2352941176683,250.968
90.90909090904832,251.001
88.2352941176683,251.035
121.21212121206442,251.068
90.90909090912662,251.101
30.303030303042203,251.134
29.411764705864847,251.168
14.925373134326737,251.235
6.912442396313404,251.669
151.51515151521102,251.702
88.2352941176683,251.736
60.60606060603221,251.769
60.606060606084405,251.802
30.303030303016104,251.835
28.571428571431355,251.87
62.50000000003464,251.902
30.303030303016104,251.935
58.823529411778864,251.969
29.411764705889432,252.003
121.21212121206442,252.036
90.90909090912662,252.069
60.60606060603221,252.102
58.823529411778864,252.136
60.60606060603221,252.169
121.21212121216881,252.202
58.823529411778864,252.236
60.60606060603221,252.269
29.411764705889432,252.303
90.90909090904832,252.336
88.2352941176683,252.37
4.4444444444445566,252.82
212.12121212111273,252.853
121.21212121216881,252.886
88.2352941176683,252.92
181.81818181809663,252.953
151.51515151521102,252.986
88.23529411759455,253.02
90.90909090912662,253.053
90.90909090904832,253.086
58.823529411778864,253.12
60.606060606084405,253.153
29.411764705864847,253.187
60.606060606084405,253.22
60.606060606084405,253.253
58.823529411729695,253.287
60.606060606084405,253.32
88.23529411759455,253.354
60.606060606084405,253.387
19.999999999995453,253.437
5.208333333333521,253.821
121.21212121206442,253.854
121.21212121216881,253.887
90.90909090912662,253.92
58.823529411729695,253.954
29.411764705889432,253.988
30.303030303042203,254.021
30.303030303016104,254.054
41.59451654039516,254.088
121.21212121206442,254.121
205.88235294122603,254.155
93.7499999999687,254.187
58.823529411778864,254.221
58.823529411778864,254.255
90.90909090904832,254.288
30.303030303042203,254.321
60.60606060603221,254.354
58.823529411778864,254.388
90.90909090912662,254.421
117.64705882345939,254.455
60.606060606084405,254.488
19.999999999995453,254.538
60.606060606084405,254.571
4.273504273504112,254.805
3.7453183520599826,255.873
121.21212121206442,255.906
147.05882352944718,255.94
60.60606060603221,255.973
60.60606060613661,256.006
58.823529411680525,256.04
44.194173824183714,256.072
19.60784313725962,256.123
9.999999999997726,256.223
30.303030303068304,256.256
41.59451654032562,256.29
30.303030303068304,256.323
30.303030303016104,256.356
29.411764705889432,256.39
42.85495643552826,256.423
58.823529411778864,256.457
30.303030303016104,256.49
60.60606060603221,256.523
41.59451654039516,256.557
20.408163265315213,256.606
41.59451654039516,256.64
58.823529411778864,256.674
42.85495643552826,256.707
60.60606060603221,256.74
88.2352941176683,256.774
42.85495643552826,256.807
30.303030303068304,256.84
12.048192771080442,256.923
29.411764705889432,256.957
90.90909090904832,256.99
117.64705882355773,257.024
154.5157428360726,257.057
93.00816647556296,257.091
67.75963568178005,257.124
42.85495643560208,257.157
14.925373134326737,257.224
19.999999999995453,257.274
60.60606060603221,257.307
176.4705882353366,257.341
151.51515151508053,257.374
90.9090909092049,257.407
58.823529411778864,257.441
60.60606060603221,257.474
106.04562574896639,257.508
109.25912955946364,257.541
154.5157428360726,257.574
237.1252278911909,257.608
151.51515151508053,257.641
154.51574283633877,257.674
205.88235294088182,257.708
151.51515151534153,257.741
147.05882352944718,257.775
212.12121212111273,257.808
121.21212121206442,257.841
117.64705882355773,257.875
90.90909090904832,257.908
30.303030303068304,257.941
29.411764705840262,257.975
14.9253731343394,258.042
212.12121212111273,258.075
272.72727272714496,258.108
121.21212121206442,258.141
29.411764705889432,258.175
63.245553203353204,258.225
151.51515151534153,258.258
178.9047803029319,258.292
214.27478217764127,258.325
147.05882352944715,258.359
121.21212121206442,258.392
67.75963568178005,258.425
60.60606060603221,258.458
65.76670522059788,258.492
90.9090909092049,258.525
58.823529411680525,258.559
60.60606060613661,258.592
60.60606060603221,258.625
30.303030303016104,258.658
29.411764705889432,258.692
14.925373134326737,258.759
42.85495643560208,258.792
58.823529411680525,258.826
121.26781251819568,258.86
156.2500000000866,258.892
131.53341044119577,258.926
149.97116216452977,258.96
139.75424859356607,258.992
121.26781251819568,259.026
88.38834764836743,259.058
29.411764705889432,259.092
29.411764705889432,259.126
30.303030303016104,259.159
30.303030303016104,259.192
29.411764705889432,259.226
29.411764705889432,259.26
30.303030303016104,259.293
19.999999999995453,259.343
20.00000000001819,259.393
29.411764705840262,259.427
60.60606060613661,259.46
30.303030303016104,259.493
30.303030303016104,259.526
29.411764705889432,259.56
29.411764705889432,259.594
31.25000000001732,259.626
29.411764705840262,259.66
12.048192771088694,259.743
60.60606060603221,259.776
4.773269689737667,260.195
125.00000000006928,260.227
90.90909090904832,260.26
88.2352941176683,260.294
30.303030303016104,260.327
30.303030303016104,260.36
19.999999999995453,260.41
8.547008547011337,260.527
470.5882352942309,260.561
